Student_ID,Mother's qualification,Father's qualification,Mother's occupation,Father's occupation
1,13,10,6,10
2,1,3,4,4
3,22,27,10,10
4,23,27,6,4
5,22,28,10,10
6,22,27,10,8
7,13,28,8,11
8,22,27,10,10
9,1,1,10,10
10,1,14,5,8
11,23,14,6,8
12,13,28,10,10
13,13,27,5,10
14,1,1,5,8
15,23,27,6,6
16,13,27,10,4
17,13,28,6,9
18,13,1,6,5
19,3,14,4,6
20,13,14,8,8
21,1,1,10,9
22,1,28,5,8
23,13,14,2,2
24,1,28,5,8
25,13,14,4,8
26,13,28,10,10
27,13,28,8,9
28,13,14,4,4
29,13,1,10,10
30,3,3,2,11
31,4,5,5,3
32,27,3,16,22
33,1,1,5,7
34,13,1,10,6
35,2,27,4,10
36,23,27,10,7
37,19,27,1,1
38,22,27,7,7
39,13,14,10,4
40,4,4,4,7
41,3,3,3,3
42,3,14,3,8
43,1,3,3,3
44,1,28,6,6
45,22,27,10,10
46,23,28,5,6
47,13,14,10,10
48,22,14,8,8
49,1,14,10,10
50,22,28,10,10
51,13,28,10,8
52,22,28,7,7
53,1,14,8,8
54,22,27,12,12
55,23,28,10,10
56,1,14,6,6
57,1,3,5,4
58,3,3,3,3
59,23,28,8,11
60,23,27,5,10
61,13,14,10,10
62,13,1,10,10
63,1,27,5,8
64,1,1,4,5
65,1,1,4,4
66,1,1,6,6
67,13,14,6,4
68,13,27,10,10
69,1,28,8,8
70,13,27,8,11
71,23,27,6,6
72,22,14,9,5
73,13,14,6,11
74,23,27,6,8
75,23,28,10,10
76,13,14,5,8
77,13,27,8,8
78,1,14,10,9
79,23,27,10,10
80,22,27,10,7
81,13,14,10,10
82,3,3,3,3
83,3,3,5,3
84,13,14,5,5
85,22,27,10,7
86,22,28,10,8
87,1,14,5,6
88,13,28,5,1
89,23,27,10,10
90,23,14,10,7
91,1,1,5,11
92,13,1,10,10
93,1,1,5,5
94,22,24,1,1
95,22,14,10,10
96,23,3,10,3
97,22,1,6,6
98,22,27,8,8
99,1,2,10,2
100,3,3,3,3
101,23,28,10,10
102,1,1,10,11
103,22,27,7,6
104,22,27,10,7
105,13,14,10,8
106,3,1,3,9
107,22,28,5,8
108,1,1,5,5
109,3,4,5,4
110,13,1,10,4
111,22,27,7,8
112,1,28,5,8
113,13,14,10,10
114,1,28,5,8
115,22,27,10,10
116,23,28,10,6
117,13,27,10,8
118,13,14,4,4
119,22,28,10,8
120,2,14,5,6
121,1,1,5,6
122,13,14,10,8
123,3,14,3,10
124,23,28,10,10
125,13,28,5,8
126,1,1,5,6
127,22,27,10,10
128,13,28,10,4
129,1,29,6,4
130,1,27,9,10
131,13,14,6,9
132,22,27,10,10
133,1,14,5,9
134,1,14,4,4
135,23,27,10,8
136,1,28,4,10
137,13,14,6,6
138,1,1,20,39
139,13,1,5,8
140,13,1,5,9
141,22,27,10,10
142,13,1,5,5
143,3,1,4,4
144,1,10,10,11
145,13,14,10,8
146,22,28,6,7
147,10,14,10,10
148,1,27,10,11
149,3,14,3,11
150,1,14,10,10
151,3,27,3,9
152,1,28,5,8
153,23,28,8,7
154,22,27,10,10
155,3,27,3,6
156,23,27,7,7
157,23,28,10,10
158,1,27,8,10
159,13,1,10,11
160,1,14,7,9
161,13,1,5,2
162,13,27,10,8
163,13,14,10,10
164,10,10,5,5
165,1,14,6,5
166,13,27,8,8
167,1,27,7,7
168,13,14,8,9
169,2,2,2,2
170,13,14,5,9
171,22,14,10,8
172,22,27,4,11
173,2,28,5,6
174,13,2,5,7
175,22,27,10,9
176,22,27,10,10
177,22,14,10,6
178,19,24,12,12
179,22,14,10,6
180,1,1,10,6
181,3,1,4,4
182,22,14,10,9
183,13,14,4,5
184,1,27,6,6
185,1,14,5,7
186,3,3,6,8
187,1,27,6,10
188,23,1,10,5
189,1,14,10,10
190,1,3,5,2
191,13,28,10,9
192,1,27,8,4
193,10,3,5,4
194,1,1,5,11
195,23,28,10,9
196,13,1,4,5
197,22,27,6,6
198,3,2,3,3
199,13,14,4,9
200,1,3,28,19
201,1,1,5,8
202,13,14,5,1
203,13,14,8,8
204,23,28,6,11
205,13,27,10,9
206,19,24,1,1
207,13,28,10,10
208,3,14,2,5
209,13,1,9,8
210,3,14,3,4
211,23,1,8,5
212,22,27,10,10
213,1,3,10,3
214,22,27,10,10
215,1,1,5,6
216,1,1,5,6
217,13,3,6,6
218,13,27,9,8
219,1,14,6,5
220,13,27,2,4
221,23,28,8,8
222,22,27,6,8
223,1,1,4,4
224,13,1,6,10
225,1,28,5,6
226,25,5,4,4
227,1,4,4,11
228,1,1,10,10
229,19,24,1,1
230,1,1,6,9
231,1,27,5,6
232,13,14,5,7
233,1,3,5,4
234,1,27,10,10
235,22,1,10,11
236,23,27,10,10
237,13,14,6,8
238,22,27,4,10
239,13,1,10,10
240,13,14,10,8
241,3,1,5,5
242,3,3,4,4
243,22,14,6,6
244,22,1,10,2
245,23,14,10,11
246,13,28,6,4
247,13,27,8,7
248,22,27,10,11
249,13,27,5,8
250,13,1,10,9
251,13,28,10,10
252,23,27,8,8
253,7,14,12,7
254,22,27,10,9
255,1,1,5,5
256,23,27,8,8
257,22,27,7,7
258,22,27,10,10
259,1,1,10,9
260,1,1,4,2
261,22,28,10,8
262,22,27,13,13
263,22,28,10,10
264,1,1,5,5
265,23,14,10,6
266,3,1,2,4
267,4,1,3,4
268,23,28,10,10
269,22,27,10,10
270,1,1,10,10
271,22,28,5,9
272,1,14,10,10
273,10,14,5,9
274,5,1,3,6
275,1,28,5,6
276,10,1,5,11
277,22,28,4,4
278,5,4,3,1
279,13,14,6,7
280,13,14,6,6
281,23,27,10,10
282,24,14,5,11
283,22,27,9,5
284,13,27,8,6
285,23,28,1,1
286,1,1,5,5
287,4,27,3,10
288,19,1,12,3
289,3,1,4,5
290,3,3,2,2
291,13,14,5,11
292,13,27,7,7
293,22,27,10,5
294,13,14,29,29
295,23,27,4,7
296,3,28,3,5
297,13,28,10,9
298,1,1,4,4
299,1,1,5,11
300,13,28,6,8
301,23,28,10,8
302,23,27,10,10
303,13,14,5,10
304,13,14,6,6
305,1,9,5,4
306,1,14,5,11
307,1,14,6,6
308,3,1,12,12
309,9,9,12,12
310,22,27,8,9
311,3,14,3,2
312,19,24,1,1
313,13,14,5,9
314,23,28,6,8
315,1,1,5,5
316,1,28,5,4
317,13,14,4,7
318,26,14,4,6
319,13,28,6,10
320,23,28,8,8
321,13,14,10,6
322,22,27,8,10
323,1,1,6,2
324,22,27,10,10
325,1,14,8,6
326,13,14,6,9
327,1,27,10,10
328,1,1,10,7
329,2,14,5,5
330,13,28,10,6
331,1,28,10,7
332,13,27,5,8
333,23,28,8,8
334,22,28,10,11
335,19,27,5,10
336,23,27,8,8
337,26,3,3,2
338,23,28,8,8
339,3,1,10,11
340,2,7,4,6
341,1,2,4,2
342,3,3,3,3
343,22,27,10,10
344,3,3,2,3
345,22,28,10,2
346,13,14,8,6
347,22,27,10,10
348,22,27,7,7
349,22,27,10,10
350,3,1,4,10
351,13,14,10,10
352,13,14,10,9
353,1,1,10,6
354,22,28,10,8
355,13,14,5,7
356,13,1,5,6
357,23,27,10,10
358,22,27,12,9
359,22,27,4,9
360,3,29,3,4
361,13,28,5,2
362,22,28,10,8
363,13,28,10,11
364,13,27,10,9
365,1,1,10,2
366,22,28,8,6
367,13,28,5,9
368,13,27,3,8
369,23,27,29,46
370,13,14,10,6
371,22,29,10,5
372,23,14,10,8
373,1,14,5,8
374,1,27,20,43
375,23,28,5,8
376,22,27,10,10
377,22,27,10,10
378,1,1,5,5
379,3,3,4,4
380,22,28,6,7
381,23,14,6,8
382,13,27,9,9
383,23,28,6,8
384,13,14,6,6
385,3,4,3,2
386,19,24,1,1
387,22,27,10,10
388,22,27,10,10
389,1,14,5,6
390,22,27,8,8
391,4,28,5,6
392,1,14,6,4
393,18,27,8,8
394,1,1,10,11
395,1,14,5,4
396,1,1,5,10
397,3,14,4,11
398,23,27,5,7
399,22,14,6,9
400,23,27,7,5
401,1,3,4,4
402,22,27,8,8
403,23,27,10,10
404,13,28,10,10
405,22,27,6,6
406,1,14,4,10
407,1,14,4,10
408,1,14,10,10
409,1,14,5,5
410,19,24,1,1
411,13,14,8,8
412,13,1,5,9
413,1,1,5,11
414,22,27,7,7
415,1,28,10,8
416,22,27,12,12
417,1,1,10,10
418,13,14,10,10
419,22,27,10,10
420,1,14,5,6
421,2,1,3,9
422,1,2,5,4
423,1,2,5,7
424,3,1,4,4
425,13,2,6,4
426,22,27,10,4
427,23,28,4,8
428,23,2,10,3
429,13,1,5,5
430,13,28,5,11
431,22,28,10,10
432,22,27,8,9
433,23,28,7,9
434,1,1,12,4
435,1,14,5,9
436,13,14,6,6
437,13,14,6,6
438,13,27,5,6
439,7,1,3,5
440,22,27,10,10
441,3,4,4,3
442,13,28,5,6
443,13,28,10,4
444,13,14,8,9
445,13,14,2,2
446,22,14,10,4
447,3,1,3,2
448,1,14,8,8
449,1,14,10,8
450,13,28,4,11
451,23,27,6,6
452,22,27,10,9
453,13,14,8,6
454,13,27,5,8
455,13,28,10,8
456,19,24,13,13
457,23,27,6,7
458,22,14,10,9
459,1,14,5,10
460,22,27,6,8
461,3,3,4,3
462,13,14,6,8
463,3,1,3,4
464,3,1,4,6
465,1,1,5,10
466,3,3,3,4
467,1,28,6,11
468,19,24,1,1
469,13,28,5,9
470,22,27,5,10
471,1,27,10,10
472,13,28,10,8
473,23,14,8,11
474,13,14,10,10
475,19,24,1,1
476,1,14,4,6
477,13,14,10,10
478,19,24,1,1
479,3,1,4,4
480,23,14,29,39
481,1,1,5,5
482,1,14,2,2
483,3,1,3,6
484,23,28,10,8
485,1,14,10,6
486,1,27,8,10
487,23,14,5,4
488,1,14,6,5
489,22,27,10,8
490,23,28,6,6
491,13,1,4,9
492,22,27,6,6
493,1,3,4,3
494,22,27,10,5
495,3,1,3,6
496,13,27,12,6
497,22,28,10,10
498,1,14,5,4
499,13,28,10,8
500,23,28,8,8
501,22,28,10,10
502,23,28,10,10
503,1,1,5,5
504,3,3,2,2
505,22,1,8,8
506,22,28,23,34
507,3,1,3,5
508,13,1,10,4
509,5,5,3,3
510,1,14,5,7
511,4,1,3,4
512,19,24,13,13
513,19,24,1,1
514,22,14,10,3
515,22,27,10,11
516,22,27,10,11
517,22,14,10,5
518,1,1,10,5
519,19,24,1,1
520,22,27,10,10
521,22,1,6,6
522,3,14,3,10
523,3,27,3,9
524,1,1,10,10
525,5,3,2,2
526,1,1,10,4
527,13,14,6,4
528,3,1,3,11
529,22,27,10,10
530,3,3,3,3
531,22,27,5,8
532,13,27,10,9
533,4,2,3,4
534,1,14,5,8
535,4,4,3,3
536,3,3,5,5
537,3,3,5,5
538,3,14,5,5
539,13,28,4,10
540,13,1,10,10
541,13,14,6,6
542,13,14,6,8
543,1,14,5,11
544,1,1,6,4
545,13,1,10,11
546,13,1,6,11
547,1,1,6,11
548,23,14,6,7
549,22,27,10,10
550,13,28,10,8
551,10,14,5,6
552,13,1,8,10
553,10,10,2,11
554,1,2,4,3
555,1,1,5,5
556,3,2,3,3
557,13,1,8,5
558,22,27,10,10
559,24,29,32,44
560,1,3,10,11
561,3,28,20,30
562,1,1,4,4
563,1,1,5,11
564,13,28,10,10
565,1,1,10,10
566,13,14,4,10
567,4,1,3,5
568,19,26,1,6
569,23,14,9,9
570,3,4,3,3
571,1,1,10,10
572,23,27,10,10
573,13,3,6,11
574,3,14,5,6
575,13,10,10,11
576,1,1,5,5
577,3,1,10,10
578,13,27,10,9
579,22,27,6,6
580,22,27,10,9
581,19,5,1,2
582,10,1,6,6
583,1,14,9,8
584,22,28,10,9
585,22,27,8,8
586,1,14,4,4
587,23,14,12,12
588,23,28,10,9
589,22,27,10,4
590,22,1,6,5
591,13,1,10,4
592,3,14,3,9
593,22,1,10,5
594,1,14,5,9
595,22,27,5,7
596,22,27,10,10
597,23,10,8,1
598,22,1,10,11
599,13,27,8,5
600,23,27,10,10
601,13,28,10,10
602,13,28,6,8
603,1,1,10,5
604,1,1,5,5
605,1,27,4,9
606,7,1,7,7
607,13,3,4,3
608,23,14,8,8
609,13,28,32,44
610,23,27,7,6
611,22,27,29,41
612,1,27,5,8
613,1,1,2,2
614,1,14,6,8
615,13,27,10,10
616,1,27,10,10
617,22,27,8,9
618,22,27,10,9
619,13,27,5,8
620,3,1,3,4
621,3,14,5,6
622,1,28,5,4
623,23,28,10,8
624,23,27,8,6
625,23,27,10,10
626,13,14,10,9
627,22,28,7,7
628,13,27,10,8
629,1,28,6,7
630,13,27,10,10
631,13,27,10,10
632,1,28,5,10
633,1,14,6,8
634,23,28,29,44
635,22,27,10,8
636,22,27,8,6
637,22,27,10,10
638,23,1,10,5
639,1,1,5,6
640,1,1,4,4
641,22,27,10,1
642,22,27,10,10
643,22,28,5,10
644,22,28,8,8
645,23,28,8,8
646,13,27,10,10
647,22,1,4,6
648,13,14,10,8
649,1,14,5,4
650,1,28,6,2
651,13,1,6,1
652,1,1,6,6
653,1,5,5,4
654,23,28,7,10
655,13,28,4,6
656,13,28,10,7
657,22,14,6,11
658,1,28,6,8
659,1,14,6,11
660,13,14,10,10
661,1,3,5,3
662,13,14,32,44
663,1,14,5,2
664,22,27,1,1
665,3,3,10,8
666,3,3,7,7
667,22,28,6,6
668,23,28,6,8
669,1,14,5,9
670,13,27,6,8
671,22,1,10,10
672,22,28,12,8
673,1,14,10,8
674,13,14,4,4
675,23,28,6,9
676,22,27,10,10
677,1,14,6,8
678,22,14,8,8
679,22,27,1,1
680,3,3,3,6
681,13,28,10,10
682,1,1,5,7
683,1,1,5,6
684,22,27,10,11
685,22,27,10,10
686,22,27,10,10
687,22,27,2,10
688,23,14,10,9
689,22,1,10,3
690,22,27,10,8
691,22,28,10,5
692,22,27,10,8
693,13,14,10,4
694,23,27,10,9
695,2,1,3,10
696,3,1,6,6
697,22,27,1,1
698,3,1,3,2
699,1,28,10,2
700,22,28,6,8
701,2,2,7,7
702,22,14,10,4
703,5,5,3,3
704,22,27,10,10
705,22,27,10,10
706,22,27,10,10
707,13,1,5,9
708,22,27,10,7
709,1,14,10,10
710,22,9,10,8
711,23,28,12,12
712,22,27,10,9
713,22,27,12,12
714,3,3,3,3
715,22,27,7,7
716,13,27,5,11
717,19,26,1,12
718,2,1,4,10
719,22,27,10,10
720,23,1,9,11
721,23,28,5,5
722,13,1,4,8
723,13,28,10,6
724,22,27,12,6
725,22,18,12,11
726,22,28,10,8
727,10,5,4,4
728,22,27,10,10
729,13,1,5,8
730,3,2,3,3
731,13,27,10,10
732,2,1,5,7
733,1,14,7,7
734,13,27,5,8
735,22,27,7,8
736,3,3,5,11
737,3,27,4,8
738,22,27,6,8
739,1,3,4,8
740,1,14,9,9
741,13,14,10,8
742,3,3,3,3
743,3,3,4,4
744,1,14,5,9
745,1,1,10,10
746,1,1,5,6
747,1,14,5,5
748,23,28,10,7
749,1,1,12,4
750,1,1,6,4
751,23,27,6,6
752,22,27,10,10
753,22,27,4,4
754,13,27,8,10
755,22,27,10,10
756,1,14,5,6
757,1,1,10,6
758,22,2,10,5
759,1,1,4,4
760,22,27,10,10
761,3,3,3,3
762,3,14,2,11
763,22,27,10,10
764,1,3,30,4
765,1,1,6,6
766,23,28,6,11
767,1,1,5,5
768,1,27,5,2
769,22,27,10,8
770,13,14,6,6
771,1,1,10,10
772,1,14,6,6
773,1,14,5,10
774,23,1,5,11
775,3,1,3,9
776,1,1,5,8
777,2,1,5,5
778,3,2,5,3
779,3,3,18,24
780,1,14,6,6
781,23,28,8,8
782,1,1,6,5
783,13,27,4,9
784,3,3,2,4
785,1,24,10,10
786,1,1,2,2
787,3,3,2,3
788,3,1,5,6
789,22,27,1,12
790,13,1,6,5
791,1,14,10,10
792,3,3,3,3
793,1,30,10,3
794,3,1,3,6
795,13,14,4,4
796,23,28,6,9
797,1,1,10,9
798,1,1,5,9
799,1,27,10,10
800,3,1,4,8
801,25,14,4,6
802,13,1,10,9
803,13,14,6,6
804,23,28,10,10
805,1,3,6,4
806,13,1,10,4
807,1,28,4,6
808,3,3,3,11
809,1,3,5,8
810,3,1,10,4
811,1,1,10,5
812,13,28,6,8
813,13,28,10,10
814,3,4,4,4
815,13,3,5,5
816,1,1,5,5
817,1,27,5,6
818,1,1,5,5
819,13,27,4,6
820,19,27,10,12
821,13,14,10,10
822,10,14,10,4
823,1,14,5,8
824,13,14,10,10
825,1,1,10,10
826,1,3,5,4
827,1,1,6,8
828,1,3,10,8
829,13,14,5,6
830,3,14,4,6
831,24,3,4,4
832,19,24,1,1
833,1,3,10,3
834,22,27,10,7
835,22,27,12,6
836,3,1,4,5
837,3,3,4,5
838,1,27,24,44
839,3,1,3,9
840,23,1,4,11
841,3,3,10,10
842,3,1,4,5
843,3,24,4,1
844,22,28,10,6
845,23,24,10,10
846,22,27,10,9
847,1,1,32,23
848,13,14,10,10
849,1,1,3,6
850,1,14,5,5
851,3,3,2,2
852,13,14,5,6
853,13,14,10,10
854,1,14,10,10
855,13,14,6,6
856,1,29,5,2
857,1,14,5,4
858,22,1,10,11
859,13,27,5,7
860,19,28,1,4
861,1,2,6,5
862,13,28,10,10
863,1,14,6,9
864,23,14,10,9
865,1,1,6,5
866,1,1,5,11
867,1,28,12,12
868,22,28,4,8
869,13,14,5,6
870,13,1,10,8
871,1,1,29,44
872,19,24,1,1
873,13,14,6,6
874,1,1,2,2
875,1,14,32,45
876,23,28,10,10
877,23,14,10,10
878,13,14,5,6
879,13,14,8,11
880,13,1,10,4
881,23,28,10,9
882,3,2,3,6
883,13,27,10,7
884,22,27,5,8
885,2,28,5,10
886,19,24,1,1
887,23,12,1,1
888,22,27,10,8
889,13,14,5,8
890,23,28,10,6
891,1,14,10,10
892,22,28,28,44
893,22,27,10,10
894,22,10,10,5
895,1,1,5,8
896,1,27,5,10
897,22,27,6,6
898,13,27,6,10
899,23,14,10,6
900,13,14,8,8
901,13,14,10,8
902,23,28,6,6
903,22,28,8,8
904,22,1,10,5
905,13,14,10,10
906,1,1,6,6
907,1,1,8,8
908,13,28,8,7
909,13,1,6,6
910,23,14,8,11
911,22,27,10,6
912,13,1,6,5
913,22,27,10,10
914,22,27,10,8
915,22,27,10,7
916,13,14,5,6
917,19,24,12,12
918,22,27,9,11
919,22,28,10,5
920,22,1,10,8
921,22,27,10,4
922,22,27,10,10
923,1,3,5,3
924,22,27,10,7
925,22,27,10,10
926,22,27,10,8
927,13,15,5,12
928,22,27,7,9
929,22,14,29,35
930,13,27,1,1
931,22,28,8,8
932,13,28,10,10
933,22,27,8,8
934,22,27,10,10
935,3,1,3,6
936,1,1,4,4
937,23,28,10,10
938,22,27,7,7
939,13,28,5,11
940,22,27,12,8
941,13,14,6,6
942,22,14,10,5
943,22,27,10,10
944,1,14,10,11
945,22,27,10,8
946,22,27,8,8
947,3,14,4,4
948,3,5,1,3
949,19,24,1,1
950,22,3,10,3
951,22,27,10,10
952,22,27,10,10
953,1,14,5,9
954,13,1,2,11
955,3,1,3,10
956,1,1,5,12
957,13,27,10,10
958,23,1,10,5
959,1,14,6,6
960,11,9,1,1
961,19,24,1,1
962,22,27,10,10
963,3,1,3,5
964,23,28,6,6
965,1,3,4,8
966,4,1,3,9
967,13,27,10,6
968,22,14,10,11
969,19,24,1,1
970,1,28,4,6
971,19,24,1,1
972,22,28,8,4
973,22,27,8,8
974,22,27,8,8
975,22,14,10,4
976,1,14,10,4
977,23,28,10,9
978,13,14,30,29
979,13,27,8,6
980,1,28,10,7
981,20,25,7,7
982,13,14,5,5
983,1,28,5,6
984,23,28,10,4
985,1,1,3,11
986,13,14,4,4
987,1,1,5,7
988,1,1,6,1
989,2,2,4,5
990,13,28,10,2
991,1,3,10,3
992,3,3,3,3
993,1,3,4,4
994,3,14,5,10
995,22,27,29,43
996,22,27,10,9
997,3,1,19,26
998,13,1,7,5
999,1,14,4,4
1000,19,24,1,1
1001,23,1,6,6
1002,13,28,10,10
1003,3,4,3,6
1004,13,14,8,8
1005,1,3,4,5
1006,3,14,6,6
1007,22,27,10,7
1008,22,27,10,11
1009,13,27,6,6
1010,1,28,4,4
1011,13,14,10,11
1012,13,1,5,4
1013,1,28,5,6
1014,13,1,5,6
1015,22,28,29,28
1016,13,14,10,9
1017,22,1,10,10
1018,3,1,4,6
1019,13,27,10,13
1020,1,1,5,10
1021,1,28,5,8
1022,13,1,5,10
1023,26,3,3,3
1024,23,28,10,10
1025,23,28,29,36
1026,1,14,5,12
1027,18,14,5,12
1028,13,27,10,10
1029,13,14,10,5
1030,1,1,10,10
1031,1,14,5,4
1032,13,27,6,8
1033,22,27,9,9
1034,1,27,10,10
1035,23,14,8,8
1036,1,28,10,8
1037,1,28,10,8
1038,1,3,5,3
1039,1,28,5,10
1040,3,1,3,6
1041,1,14,5,6
1042,22,27,10,8
1043,22,27,10,7
1044,23,28,10,10
1045,13,14,5,8
1046,1,14,5,10
1047,3,28,3,11
1048,2,1,5,5
1049,1,14,10,7
1050,23,28,6,6
1051,1,28,5,9
1052,13,27,5,8
1053,3,3,5,6
1054,3,3,3,3
1055,22,27,10,8
1056,13,14,6,8
1057,1,27,5,5
1058,1,28,2,8
1059,1,14,2,6
1060,13,14,5,11
1061,1,14,6,6
1062,13,14,8,8
1063,22,9,10,11
1064,13,1,5,5
1065,13,1,6,11
1066,13,1,6,11
1067,23,27,6,7
1068,22,28,4,4
1069,1,14,10,9
1070,13,14,10,10
1071,1,1,5,5
1072,13,14,9,9
1073,23,27,6,6
1074,3,3,2,12
1075,22,27,10,6
1076,13,14,5,8
1077,13,28,10,10
1078,22,27,6,10
1079,3,1,3,4
1080,1,27,5,10
1081,1,14,5,1
1082,13,14,10,10
1083,5,1,3,11
1084,1,14,10,5
1085,13,1,10,4
1086,3,1,3,2
1087,10,28,10,6
1088,23,14,18,16
1089,1,1,5,1
1090,13,14,6,8
1091,1,1,5,6
1092,13,14,6,9
1093,22,28,1,8
1094,13,14,5,5
1095,13,1,10,10
1096,22,27,10,10
1097,10,3,6,9
1098,22,28,10,10
1099,1,4,6,4
1100,13,27,2,10
1101,13,14,10,10
1102,13,14,10,10
1103,23,28,8,6
1104,3,14,10,10
1105,13,14,1,6
1106,22,28,10,10
1107,19,24,1,1
1108,23,14,9,9
1109,13,27,6,10
1110,13,26,12,8
1111,23,28,7,7
1112,1,14,7,8
1113,23,14,10,8
1114,23,28,4,4
1115,13,14,10,8
1116,23,27,10,8
1117,3,28,2,10
1118,23,14,10,6
1119,22,27,10,10
1120,13,28,6,10
1121,23,14,10,10
1122,1,1,6,6
1123,1,14,5,9
1124,22,28,10,10
1125,23,27,10,10
1126,22,28,10,10
1127,3,27,3,11
1128,22,28,10,10
1129,22,27,10,7
1130,22,28,6,9
1131,13,27,8,8
1132,1,2,10,4
1133,22,27,32,36
1134,13,1,10,6
1135,22,27,6,7
1136,22,27,6,7
1137,22,28,10,10
1138,1,28,5,10
1139,23,27,4,4
1140,13,14,5,7
1141,23,14,6,7
1142,13,28,8,10
1143,1,1,3,3
1144,13,14,10,6
1145,22,27,10,10
1146,13,9,1,1
1147,13,28,5,6
1148,13,28,6,8
1149,1,1,10,1
1150,13,14,5,5
1151,10,14,5,6
1152,22,27,10,2
1153,1,14,4,6
1154,23,1,10,5
1155,1,27,8,8
1156,1,2,11,11
1157,23,27,10,8
1158,23,27,10,8
1159,1,27,10,8
1160,13,14,4,10
1161,22,27,10,10
1162,22,27,4,4
1163,23,1,10,6
1164,22,27,4,5
1165,22,27,10,10
1166,13,27,6,10
1167,3,27,10,10
1168,13,14,1,1
1169,3,1,3,8
1170,13,27,6,8
1171,23,14,6,8
1172,1,14,5,4
1173,19,24,1,1
1174,1,1,5,11
1175,1,27,10,10
1176,13,1,6,6
1177,22,27,6,7
1178,2,1,10,2
1179,22,27,10,10
1180,23,27,10,10
1181,22,27,10,10
1182,1,1,10,10
1183,13,14,6,6
1184,13,28,10,10
1185,13,28,30,43
1186,13,14,10,10
1187,22,14,10,8
1188,22,27,10,8
1189,13,1,6,8
1190,1,14,5,5
1191,19,24,1,1
1192,1,1,5,5
1193,13,14,8,8
1194,1,1,4,7
1195,23,27,10,10
1196,13,14,5,8
1197,22,2,10,4
1198,1,27,6,6
1199,1,14,5,5
1200,1,14,6,6
1201,1,14,5,5
1202,22,27,5,9
1203,13,27,10,8
1204,1,28,32,35
1205,19,24,1,1
1206,23,28,2,10
1207,22,24,12,1
1208,13,27,10,11
1209,22,28,1,6
1210,22,27,10,10
1211,22,27,10,10
1212,1,1,10,10
1213,23,1,10,5
1214,22,27,1,1
1215,13,14,8,10
1216,3,28,4,8
1217,13,14,6,9
1218,13,27,8,7
1219,1,1,5,11
1220,13,28,10,8
1221,24,1,4,5
1222,13,1,10,6
1223,13,29,6,4
1224,1,14,2,6
1225,13,28,8,8
1226,23,28,8,8
1227,7,14,5,4
1228,23,28,6,8
1229,23,28,5,9
1230,1,1,5,4
1231,13,28,6,7
1232,1,14,5,5
1233,13,28,5,11
1234,3,1,5,6
1235,1,27,2,2
1236,13,28,8,5
1237,1,27,5,4
1238,1,27,8,8
1239,23,27,10,10
1240,3,1,5,5
1241,22,27,10,10
1242,13,14,5,5
1243,1,14,5,6
1244,13,3,10,2
1245,22,27,5,10
1246,22,27,6,6
1247,13,14,10,10
1248,13,14,10,10
1249,13,27,4,7
1250,23,27,6,4
1251,13,29,5,9
1252,23,27,10,6
1253,23,28,8,9
1254,23,28,8,9
1255,13,14,6,2
1256,3,1,6,6
1257,13,28,6,6
1258,23,27,8,8
1259,1,27,5,8
1260,13,28,10,10
1261,1,1,4,4
1262,13,27,10,4
1263,13,14,10,10
1264,22,14,8,4
1265,23,27,10,6
1266,1,1,5,6
1267,23,28,10,11
1268,13,27,10,8
1269,23,28,29,44
1270,22,27,7,7
1271,22,14,10,11
1272,13,28,10,10
1273,23,27,10,9
1274,22,27,8,9
1275,22,27,10,8
1276,13,14,5,8
1277,1,14,10,8
1278,22,27,10,10
1279,1,10,5,6
1280,13,27,10,10
1281,13,14,5,10
1282,23,14,8,10
1283,1,14,5,8
1284,13,14,5,5
1285,13,27,6,8
1286,13,28,4,4
1287,1,1,5,10
1288,13,1,10,10
1289,21,27,1,1
1290,13,14,10,8
1291,1,14,10,9
1292,23,28,10,10
1293,1,14,10,8
1294,4,10,3,10
1295,1,31,10,4
1296,1,1,5,5
1297,19,24,1,1
1298,22,27,10,7
1299,2,27,5,10
1300,23,28,6,6
1301,1,14,4,5
1302,3,14,4,10
1303,3,3,3,3
1304,3,3,2,11
1305,1,14,8,8
1306,13,14,10,10
1307,1,28,9,9
1308,13,28,6,8
1309,22,28,6,8
1310,23,28,10,10
1311,1,14,21,37
1312,22,27,10,7
1313,23,27,10,6
1314,3,29,3,4
1315,13,1,6,8
1316,13,27,10,8
1317,1,14,5,10
1318,19,28,1,9
1319,1,14,6,8
1320,1,28,5,9
1321,1,28,10,4
1322,13,1,32,16
1323,23,28,10,10
1324,23,28,6,6
1325,3,28,3,11
1326,22,27,10,10
1327,1,27,5,10
1328,19,28,1,8
1329,1,1,4,4
1330,4,1,3,10
1331,13,28,10,8
1332,1,1,4,11
1333,3,1,2,4
1334,13,27,8,8
1335,23,28,6,6
1336,1,14,3,11
1337,1,28,4,8
1338,22,27,10,7
1339,1,14,10,10
1340,22,28,8,9
1341,22,27,7,10
1342,13,14,10,10
1343,13,28,8,8
1344,22,27,10,8
1345,1,1,5,9
1346,1,3,5,5
1347,1,1,4,4
1348,1,1,8,8
1349,13,28,9,10
1350,13,14,5,10
1351,1,1,4,4
1352,13,14,10,10
1353,1,14,5,4
1354,23,14,5,10
1355,1,28,6,9
1356,1,10,5,6
1357,19,27,1,1
1358,13,1,10,6
1359,1,1,5,11
1360,13,27,10,10
1361,3,1,15,31
1362,22,28,10,10
1363,23,28,6,6
1364,13,1,10,10
1365,13,27,5,10
1366,6,16,4,4
1367,1,14,4,6
1368,23,28,10,10
1369,13,14,8,4
1370,1,14,10,10
1371,23,27,5,9
1372,1,1,10,10
1373,1,14,6,10
1374,1,28,4,6
1375,1,27,5,9
1376,23,1,6,2
1377,1,1,10,4
1378,22,14,8,8
1379,13,27,6,6
1380,1,1,6,10
1381,3,14,3,9
1382,23,14,10,10
1383,1,14,5,2
1384,13,28,10,9
1385,1,1,6,4
1386,13,27,2,10
1387,2,3,4,3
1388,22,27,10,6
1389,22,11,5,12
1390,1,14,4,4
1391,1,1,3,8
1392,3,14,4,11
1393,13,14,10,10
1394,1,14,5,10
1395,23,28,29,39
1396,10,1,10,4
1397,1,1,4,10
1398,10,27,4,10
1399,22,28,10,10
1400,13,14,10,9
1401,1,3,4,4
1402,23,28,10,8
1403,10,1,2,12
1404,23,1,10,8
1405,2,27,3,9
1406,1,3,6,9
1407,23,27,6,6
1408,23,1,10,10
1409,9,24,6,1
1410,23,1,10,2
1411,22,27,10,6
1412,13,27,10,8
1413,22,27,10,10
1414,22,27,10,10
1415,13,1,5,8
1416,13,14,12,12
1417,13,14,12,8
1418,3,14,6,6
1419,13,14,6,8
1420,23,28,10,11
1421,22,27,10,6
1422,1,28,6,8
1423,13,28,10,8
1424,23,28,7,7
1425,13,27,10,10
1426,13,14,6,6
1427,4,4,3,7
1428,2,27,2,2
1429,22,27,10,10
1430,13,28,10,8
1431,23,28,6,8
1432,1,10,5,10
1433,22,28,8,8
1434,1,28,5,9
1435,1,28,10,10
1436,26,1,4,5
1437,1,3,21,31
1438,22,27,10,10
1439,1,1,10,10
1440,23,27,10,7
1441,13,14,8,4
1442,1,1,10,10
1443,1,1,5,4
1444,1,4,10,6
1445,1,1,7,7
1446,4,14,5,4
1447,3,20,4,6
1448,1,14,5,4
1449,22,27,10,5
1450,1,14,5,5
1451,2,1,5,2
1452,13,27,10,10
1453,1,1,5,2
1454,13,27,6,8
1455,3,1,3,4
1456,1,27,5,10
1457,1,14,5,6
1458,1,1,4,8
1459,2,28,21,35
1460,22,27,8,8
1461,23,27,8,8
1462,23,28,10,9
1463,3,14,3,9
1464,1,14,5,5
1465,13,14,5,4
1466,19,24,1,1
1467,8,10,10,10
1468,22,28,5,5
1469,1,14,10,8
1470,1,1,5,4
1471,3,28,4,8
1472,3,3,8,2
1473,13,28,5,10
1474,22,27,1,5
1475,1,3,10,11
1476,13,28,5,8
1477,22,27,10,6
1478,2,1,4,4
1479,1,14,5,5
1480,1,1,5,10
1481,1,1,10,5
1482,22,27,10,2
1483,3,1,3,7
1484,1,1,10,10
1485,22,27,10,8
1486,13,1,5,4
1487,1,3,5,3
1488,1,27,5,10
1489,13,27,9,6
1490,13,14,5,1
1491,22,27,10,10
1492,1,3,10,10
1493,3,4,3,3
1494,13,1,6,9
1495,1,3,3,3
1496,3,1,3,6
1497,1,27,6,6
1498,1,1,5,11
1499,22,27,10,9
1500,1,28,5,5
1501,23,27,4,4
1502,1,1,12,12
1503,22,14,6,4
1504,22,27,29,42
1505,22,27,10,8
1506,23,28,8,8
1507,22,14,10,10
1508,13,27,8,8
1509,13,27,8,8
1510,1,1,7,7
1511,1,1,5,9
1512,22,14,10,11
1513,13,27,6,10
1514,3,1,10,10
1515,13,27,10,10
1516,13,27,10,8
1517,13,1,5,2
1518,13,1,5,2
1519,22,14,10,9
1520,1,1,10,5
1521,13,14,10,10
1522,22,27,10,10
1523,13,1,10,5
1524,13,1,8,5
1525,3,2,3,3
1526,1,1,5,4
1527,1,1,6,2
1528,22,27,10,10
1529,13,1,10,8
1530,3,3,3,10
1531,13,14,10,5
1532,23,1,10,6
1533,22,27,10,7
1534,4,3,3,8
1535,1,28,10,10
1536,22,27,10,10
1537,22,14,10,9
1538,23,14,10,11
1539,23,14,8,8
1540,22,27,5,8
1541,23,27,4,6
1542,22,27,8,9
1543,13,14,12,12
1544,27,1,5,10
1545,19,24,1,1
1546,1,27,5,10
1547,13,27,10,6
1548,19,24,1,1
1549,22,27,10,10
1550,23,28,10,10
1551,19,24,1,1
1552,22,27,10,10
1553,22,27,10,10
1554,1,28,6,6
1555,22,27,10,10
1556,1,14,3,8
1557,22,14,10,6
1558,1,28,7,7
1559,22,27,10,10
1560,3,14,3,11
1561,2,3,3,5
1562,23,14,6,8
1563,1,1,4,5
1564,13,14,6,6
1565,22,1,4,10
1566,1,14,8,8
1567,13,28,10,6
1568,1,14,5,5
1569,13,1,10,5
1570,22,27,10,7
1571,22,27,10,10
1572,22,27,10,11
1573,22,27,12,12
1574,22,27,10,8
1575,22,27,7,7
1576,13,14,5,5
1577,22,27,10,10
1578,13,27,6,6
1579,22,14,10,9
1580,23,27,10,10
1581,22,27,10,8
1582,1,3,5,3
1583,13,27,4,10
1584,22,28,10,10
1585,22,14,10,10
1586,17,28,10,9
1587,23,27,8,8
1588,1,2,4,4
1589,22,27,6,5
1590,1,14,5,13
1591,1,14,5,8
1592,3,1,3,11
1593,13,28,6,6
1594,23,27,10,4
1595,1,28,10,10
1596,1,27,5,10
1597,22,27,10,10
1598,13,1,10,10
1599,22,27,8,8
1600,23,28,10,10
1601,1,1,1,4
1602,1,14,5,11
1603,1,14,5,2
1604,13,28,7,7
1605,1,14,10,9
1606,23,28,10,10
1607,3,14,4,10
1608,4,3,3,2
1609,23,14,10,11
1610,23,14,8,8
1611,1,28,5,8
1612,13,27,9,9
1613,13,14,6,6
1614,19,24,1,1
1615,23,27,6,4
1616,13,14,10,6
1617,22,28,7,10
1618,22,1,8,5
1619,13,1,10,10
1620,1,1,10,11
1621,13,3,10,8
1622,23,27,10,10
1623,22,27,10,5
1624,22,27,10,10
1625,1,14,5,8
1626,22,27,8,11
1627,22,2,10,5
1628,22,27,6,6
1629,13,3,5,1
1630,22,28,10,9
1631,22,28,10,10
1632,13,14,10,5
1633,22,27,10,10
1634,23,3,18,20
1635,22,27,10,11
1636,23,27,8,6
1637,1,14,7,7
1638,1,1,5,5
1639,22,27,6,4
1640,3,1,3,4
1641,1,27,5,4
1642,23,28,10,8
1643,1,1,5,5
1644,22,14,10,10
1645,3,3,4,4
1646,3,14,5,8
1647,1,14,4,4
1648,1,28,5,8
1649,13,27,10,8
1650,1,28,5,10
1651,3,1,10,10
1652,1,1,5,8
1653,28,3,4,4
1654,13,14,4,11
1655,1,1,3,10
1656,23,1,10,4
1657,3,14,2,5
1658,22,14,10,9
1659,22,27,10,10
1660,3,3,2,3
1661,1,14,5,7
1662,3,3,6,3
1663,13,1,5,5
1664,1,27,10,8
1665,22,27,10,2
1666,1,1,5,5
1667,1,1,6,7
1668,3,14,2,6
1669,1,28,5,7
1670,22,27,6,9
1671,1,1,5,3
1672,13,3,5,3
1673,3,1,5,2
1674,1,1,5,5
1675,1,1,5,10
1676,1,1,5,5
1677,3,3,2,8
1678,1,1,4,4
1679,22,26,5,12
1680,1,27,10,10
1681,23,28,10,8
1682,1,14,5,5
1683,13,1,10,5
1684,2,2,4,4
1685,22,27,6,6
1686,3,3,3,3
1687,23,1,10,10
1688,3,3,3,3
1689,13,1,10,10
1690,22,27,10,10
1691,19,24,1,1
1692,1,27,5,8
1693,22,28,10,10
1694,3,14,4,11
1695,3,3,4,11
1696,23,27,10,9
1697,13,28,5,6
1698,19,1,1,3
1699,1,1,6,6
1700,22,27,12,12
1701,23,27,10,10
1702,1,1,6,6
1703,19,24,1,1
1704,23,28,8,8
1705,1,14,5,10
1706,3,1,5,2
1707,1,1,5,5
1708,1,28,9,10
1709,13,1,8,11
1710,22,28,10,6
1711,22,27,10,10
1712,13,14,6,5
1713,3,1,4,11
1714,1,3,10,5
1715,13,27,10,10
1716,1,14,5,11
1717,23,28,8,8
1718,22,28,5,5
1719,23,27,8,8
1720,2,1,3,5
1721,23,27,10,10
1722,22,27,10,10
1723,3,3,3,9
1724,2,1,10,10
1725,13,14,4,11
1726,22,27,6,2
1727,19,24,13,13
1728,23,27,5,10
1729,23,27,5,10
1730,22,27,10,10
1731,3,3,6,11
1732,13,14,12,9
1733,22,28,10,11
1734,22,3,10,11
1735,1,1,10,10
1736,2,14,4,9
1737,3,1,3,2
1738,1,3,10,11
1739,3,1,6,10
1740,22,27,10,11
1741,3,3,6,3
1742,1,1,5,3
1743,3,14,3,10
1744,1,1,10,7
1745,22,27,12,12
1746,1,1,5,5
1747,13,1,10,5
1748,13,1,10,7
1749,1,1,10,5
1750,23,28,8,8
1751,3,2,3,7
1752,23,14,10,10
1753,24,29,4,4
1754,13,3,6,3
1755,3,1,3,10
1756,1,1,4,4
1757,4,4,4,4
1758,1,27,5,9
1759,4,14,3,6
1760,1,1,5,8
1761,13,14,29,36
1762,1,1,6,8
1763,1,14,2,4
1764,22,2,7,5
1765,1,1,7,7
1766,13,28,10,10
1767,1,1,10,10
1768,13,2,10,4
1769,3,14,3,7
1770,3,3,3,3
1771,22,14,10,6
1772,23,28,10,9
1773,1,1,10,10
1774,13,14,5,5
1775,1,14,5,6
1776,1,3,1,1
1777,13,28,5,8
1778,22,10,10,10
1779,22,28,8,8
1780,22,14,10,10
1781,1,27,10,11
1782,1,14,4,4
1783,22,27,4,8
1784,3,28,15,36
1785,22,28,10,10
1786,22,28,8,8
1787,22,27,10,5
1788,22,27,10,10
1789,3,3,1,2
1790,13,1,5,5
1791,22,27,10,5
1792,3,1,4,11
1793,3,5,3,3
1794,1,1,5,8
1795,13,27,27,42
1796,23,28,8,10
1797,23,27,10,8
1798,23,1,10,10
1799,22,28,5,10
1800,23,3,10,4
1801,3,1,5,2
1802,19,24,1,1
1803,1,1,10,10
1804,13,1,5,5
1805,13,14,10,6
1806,3,1,3,10
1807,1,1,4,6
1808,3,3,2,2
1809,1,14,5,8
1810,1,1,6,4
1811,22,27,10,10
1812,1,14,4,4
1813,22,27,6,6
1814,22,28,10,10
1815,1,27,5,8
1816,13,27,2,2
1817,22,27,7,7
1818,22,27,10,10
1819,2,27,10,10
1820,3,2,4,4
1821,13,28,5,10
1822,3,1,5,4
1823,1,28,5,6
1824,1,1,5,5
1825,3,3,4,4
1826,13,27,6,4
1827,23,1,6,8
1828,1,28,5,10
1829,22,27,5,6
1830,23,27,6,7
1831,22,14,10,9
1832,1,1,5,5
1833,22,14,10,9
1834,13,14,10,10
1835,13,28,4,10
1836,23,28,29,43
1837,22,14,10,4
1838,22,27,10,10
1839,3,14,3,6
1840,1,14,5,5
1841,23,27,1,6
1842,13,14,4,11
1843,1,28,4,7
1844,3,1,4,4
1845,1,1,10,10
1846,3,14,3,5
1847,22,3,6,3
1848,21,12,10,11
1849,5,5,3,3
1850,3,3,3,3
1851,1,1,8,11
1852,13,28,10,8
1853,3,14,4,4
1854,3,3,3,11
1855,22,27,12,12
1856,13,1,12,12
1857,3,3,10,10
1858,13,1,10,10
1859,1,4,5,3
1860,3,2,3,3
1861,13,14,1,6
1862,1,1,5,5
1863,1,1,6,5
1864,22,28,10,6
1865,7,14,5,5
1866,1,1,4,8
1867,13,14,6,10
1868,22,27,10,7
1869,22,14,10,9
1870,13,9,1,1
1871,19,3,8,3
1872,1,1,5,5
1873,1,1,5,11
1874,19,24,1,1
1875,13,14,8,8
1876,22,27,10,10
1877,27,1,4,8
1878,22,14,5,5
1879,2,14,6,6
1880,13,3,5,10
1881,22,27,10,10
1882,22,27,10,5
1883,13,28,10,10
1884,1,14,11,6
1885,22,27,29,37
1886,13,2,10,4
1887,22,27,10,8
1888,22,27,6,1
1889,2,14,3,9
1890,1,1,10,4
1891,25,33,5,5
1892,23,27,8,8
1893,2,16,5,4
1894,2,3,5,9
1895,1,1,5,4
1896,13,14,8,10
1897,13,27,9,9
1898,3,3,3,3
1899,10,10,5,2
1900,3,1,3,9
1901,1,27,4,1
1902,1,7,5,5
1903,1,1,5,5
1904,13,1,5,11
1905,13,1,8,10
1906,1,27,5,9
1907,4,10,6,10
1908,13,1,10,11
1909,2,14,4,10
1910,3,3,3,3
1911,3,14,5,6
1912,22,27,6,8
1913,23,1,10,4
1914,13,27,4,4
1915,10,10,10,5
1916,1,27,5,9
1917,13,28,6,9
1918,13,28,10,11
1919,13,27,10,10
1920,13,14,2,2
1921,1,1,4,8
1922,22,28,10,9
1923,13,1,10,2
1924,22,28,6,2
1925,1,28,5,8
1926,1,1,5,11
1927,23,14,10,5
1928,13,14,10,10
1929,23,28,10,6
1930,1,1,10,10
1931,13,1,2,2
1932,23,28,6,8
1933,13,14,4,4
1934,13,27,10,5
1935,13,28,10,10
1936,1,28,4,4
1937,4,1,3,11
1938,13,28,5,6
1939,13,14,5,11
1940,3,3,4,5
1941,1,1,10,5
1942,23,28,10,7
1943,10,14,10,10
1944,4,14,4,6
1945,1,14,5,8
1946,22,27,10,10
1947,13,28,6,4
1948,1,14,5,11
1949,23,28,10,10
1950,23,27,6,6
1951,23,28,5,8
1952,13,14,10,10
1953,13,27,8,8
1954,1,28,6,7
1955,3,14,3,4
1956,13,28,5,1
1957,13,1,5,6
1958,22,27,5,5
1959,10,28,5,10
1960,13,1,10,10
1961,1,1,5,10
1962,13,1,10,5
1963,1,1,6,5
1964,1,1,5,5
1965,1,3,5,2
1966,3,1,3,5
1967,1,14,4,5
1968,3,2,5,4
1969,1,1,4,5
1970,1,2,5,8
1971,13,3,6,3
1972,2,14,3,5
1973,13,14,6,5
1974,13,14,5,7
1975,1,10,4,11
1976,1,1,5,5
1977,13,14,4,4
1978,1,14,29,15
1979,1,2,4,4
1980,10,1,10,10
1981,13,14,10,10
1982,13,14,8,8
1983,23,27,7,7
1984,23,14,6,9
1985,13,1,6,6
1986,22,27,10,8
1987,22,27,10,10
1988,22,27,10,11
1989,13,27,4,4
1990,4,1,5,11
1991,22,14,6,6
1992,22,27,10,10
1993,1,1,5,8
1994,22,28,31,40
1995,13,7,1,1
1996,18,14,1,3
1997,3,27,5,9
1998,22,27,10,10
1999,22,28,5,8
2000,13,14,10,8
2001,1,1,10,7
2002,23,27,10,6
2003,23,28,10,10
2004,13,28,5,9
2005,19,24,1,1
2006,1,27,5,11
2007,22,27,10,9
2008,22,27,10,3
2009,22,27,10,8
2010,1,1,12,12
2011,22,27,10,6
2012,22,27,10,5
2013,23,1,6,4
2014,22,27,10,10
2015,13,14,5,5
2016,13,14,7,7
2017,3,1,7,7
2018,23,1,10,11
2019,13,14,6,6
2020,1,1,5,10
2021,13,1,10,6
2022,13,1,10,5
2023,23,28,10,10
2024,1,10,6,9
2025,22,27,10,11
2026,4,14,5,11
2027,3,2,4,4
2028,3,29,2,4
2029,13,27,5,10
2030,22,28,10,7
2031,13,14,10,11
2032,23,27,10,10
2033,13,27,10,7
2034,22,27,10,10
2035,22,27,7,7
2036,3,14,3,9
2037,1,27,6,10
2038,3,3,2,2
2039,22,27,10,10
2040,23,14,8,8
2041,23,27,10,10
2042,23,27,5,7
2043,22,1,10,4
2044,1,14,10,10
2045,1,14,4,4
2046,13,1,10,2
2047,22,1,8,8
2048,23,14,8,8
2049,3,1,3,6
2050,1,14,10,8
2051,22,28,10,4
2052,23,28,8,8
2053,1,14,5,6
2054,1,28,4,10
2055,1,14,5,6
2056,22,14,10,9
2057,1,14,10,8
2058,22,27,10,10
2059,1,14,6,8
2060,23,27,5,11
2061,13,27,4,10
2062,13,14,10,9
2063,1,1,10,10
2064,23,28,5,8
2065,23,14,10,10
2066,1,28,10,9
2067,13,1,8,11
2068,4,1,5,5
2069,13,28,5,11
2070,22,1,10,8
2071,1,27,2,11
2072,13,3,10,5
2073,23,28,6,10
2074,1,14,10,10
2075,13,28,4,10
2076,22,27,10,5
2077,23,1,5,11
2078,13,27,5,9
2079,3,3,4,7
2080,23,28,8,8
2081,23,27,10,10
2082,4,4,3,2
2083,22,27,10,9
2084,3,1,3,4
2085,13,27,10,10
2086,13,27,13,12
2087,1,1,5,5
2088,3,2,4,7
2089,13,14,5,9
2090,1,1,5,8
2091,23,27,6,8
2092,13,14,5,8
2093,5,4,3,2
2094,22,27,10,10
2095,3,3,3,3
2096,3,3,3,3
2097,3,1,5,5
2098,23,1,8,8
2099,22,14,6,6
2100,13,14,6,6
2101,23,28,10,6
2102,1,1,5,4
2103,22,27,10,9
2104,19,14,4,1
2105,13,28,10,10
2106,13,14,5,8
2107,1,1,4,4
2108,22,27,10,10
2109,2,14,3,10
2110,3,3,3,3
2111,1,14,5,2
2112,13,1,10,3
2113,13,14,10,10
2114,23,28,28,42
2115,23,27,6,6
2116,1,14,6,6
2117,1,14,5,5
2118,23,28,10,10
2119,10,10,12,5
2120,1,1,7,8
2121,13,14,5,10
2122,1,28,6,6
2123,22,27,10,8
2124,1,14,5,11
2125,5,3,4,4
2126,23,28,10,10
2127,23,1,6,8
2128,12,13,2,2
2129,13,14,9,9
2130,13,1,6,8
2131,13,27,4,8
2132,1,27,6,8
2133,13,27,5,6
2134,1,1,5,6
2135,13,28,2,2
2136,13,1,5,2
2137,22,27,10,10
2138,23,14,10,10
2139,13,28,5,9
2140,13,14,6,9
2141,1,1,6,5
2142,23,27,5,10
2143,1,1,10,10
2144,3,1,3,4
2145,22,27,8,10
2146,3,3,3,3
2147,22,27,10,7
2148,23,14,10,6
2149,13,14,5,6
2150,23,27,6,6
2151,1,14,4,4
2152,3,1,3,10
2153,23,27,8,8
2154,1,14,5,10
2155,23,14,23,44
2156,13,14,10,10
2157,1,1,5,2
2158,22,14,10,11
2159,3,1,4,6
2160,22,27,6,9
2161,1,3,2,3
2162,19,27,1,1
2163,13,27,8,10
2164,1,1,4,4
2165,1,1,4,4
2166,1,1,10,4
2167,23,27,6,10
2168,23,28,10,10
2169,1,3,4,3
2170,3,3,3,2
2171,1,1,6,9
2172,1,14,5,5
2173,22,1,10,8
2174,10,2,5,3
2175,1,28,5,4
2176,13,28,10,2
2177,1,1,8,4
2178,19,24,1,1
2179,1,1,6,6
2180,23,27,6,6
2181,23,28,8,8
2182,13,14,6,5
2183,13,14,8,8
2184,22,14,10,4
2185,2,1,4,5
2186,13,14,8,6
2187,13,27,5,5
2188,13,28,6,8
2189,3,1,3,4
2190,1,1,6,6
2191,22,27,10,7
2192,4,14,3,4
2193,3,1,3,5
2194,13,28,10,8
2195,22,14,6,9
2196,23,14,5,8
2197,1,28,6,8
2198,1,1,5,8
2199,23,28,10,10
2200,1,1,10,11
2201,22,27,10,8
2202,23,3,10,2
2203,13,28,7,7
2204,13,14,10,10
2205,1,1,5,11
2206,1,1,10,9
2207,24,29,4,4
2208,22,14,10,9
2209,23,28,5,8
2210,1,28,10,6
2211,1,1,5,5
2212,22,27,10,10
2213,23,14,6,6
2214,13,28,10,10
2215,13,14,10,8
2216,3,1,3,5
2217,3,3,3,3
2218,13,14,5,10
2219,13,1,5,9
2220,22,1,10,9
2221,1,1,5,10
2222,1,3,6,11
2223,3,1,3,4
2224,23,27,5,7
2225,13,14,10,8
2226,22,27,10,10
2227,3,3,4,4
2228,22,27,10,7
2229,22,28,10,4
2230,1,1,4,10
2231,1,28,5,9
2232,3,3,3,3
2233,1,3,2,2
2234,19,24,1,1
2235,13,14,6,8
2236,13,14,5,9
2237,23,14,10,5
2238,23,27,5,6
2239,13,1,29,29
2240,23,14,10,9
2241,3,1,4,5
2242,22,27,10,10
2243,1,28,5,8
2244,23,27,6,8
2245,22,27,12,12
2246,22,27,10,9
2247,1,1,5,6
2248,13,1,10,11
2249,22,10,10,9
2250,1,1,5,11
2251,1,1,5,4
2252,13,27,10,8
2253,5,3,3,3
2254,19,24,1,1
2255,13,27,6,6
2256,22,27,10,7
2257,23,27,6,7
2258,5,3,3,3
2259,4,4,3,3
2260,22,27,10,7
2261,1,14,5,5
2262,1,1,5,5
2263,2,1,3,4
2264,23,28,10,10
2265,22,27,10,5
2266,1,14,4,6
2267,24,29,10,5
2268,3,1,4,5
2269,3,4,3,5
2270,22,27,2,2
2271,19,24,13,13
2272,22,28,10,11
2273,22,1,6,6
2274,19,24,1,1
2275,22,27,10,10
2276,1,3,5,3
2277,22,27,7,7
2278,1,32,6,4
2279,1,1,5,10
2280,22,27,6,6
2281,1,2,5,3
2282,1,28,10,7
2283,23,1,10,10
2284,2,1,2,3
2285,13,28,5,5
2286,22,27,10,10
2287,13,27,7,9
2288,1,1,4,4
2289,1,27,6,6
2290,3,28,3,8
2291,5,5,3,3
2292,22,27,6,11
2293,19,24,12,12
2294,13,27,10,10
2295,1,27,5,10
2296,1,28,5,8
2297,1,14,4,4
2298,4,5,3,3
2299,1,1,5,5
2300,1,1,6,11
2301,5,31,4,3
2302,13,14,8,8
2303,22,27,10,10
2304,3,2,3,4
2305,1,14,5,9
2306,22,27,10,10
2307,2,28,3,4
2308,3,1,3,10
2309,13,1,12,12
2310,1,28,4,4
2311,13,28,10,10
2312,1,14,10,10
2313,19,14,1,5
2314,22,27,7,7
2315,1,1,4,5
2316,13,27,10,9
2317,1,1,5,4
2318,3,1,4,4
2319,1,1,5,9
2320,1,1,5,9
2321,13,3,10,3
2322,1,2,5,3
2323,22,27,10,10
2324,1,27,10,10
2325,1,3,10,3
2326,22,27,10,10
2327,2,27,3,10
2328,22,27,2,5
2329,23,14,10,3
2330,22,28,6,11
2331,19,24,1,1
2332,13,27,10,8
2333,1,14,5,11
2334,8,8,5,5
2335,23,27,10,10
2336,1,1,4,4
2337,22,14,10,5
2338,1,28,10,10
2339,23,28,6,10
2340,13,14,10,10
2341,22,27,10,11
2342,22,14,10,5
2343,2,4,5,2
2344,22,14,10,5
2345,3,3,3,3
2346,1,14,4,9
2347,3,14,5,9
2348,1,1,5,4
2349,13,14,4,4
2350,22,14,10,10
2351,13,3,5,10
2352,2,1,4,7
2353,3,3,2,3
2354,22,27,10,10
2355,22,14,12,12
2356,3,1,3,4
2357,1,1,5,4
2358,1,28,7,7
2359,3,3,3,3
2360,1,1,3,4
2361,13,14,10,8
2362,13,6,5,4
2363,13,14,10,10
2364,1,14,5,6
2365,13,14,10,10
2366,1,1,5,8
2367,1,1,8,5
2368,10,10,3,9
2369,3,2,5,7
2370,1,14,5,6
2371,1,1,5,6
2372,13,3,10,3
2373,3,29,3,6
2374,3,1,4,6
2375,13,14,10,6
2376,22,27,6,9
2377,22,1,8,4
2378,22,27,10,10
2379,3,4,3,3
2380,2,27,10,8
2381,1,14,5,8
2382,13,28,6,8
2383,1,1,5,5
2384,13,1,10,10
2385,13,1,5,6
2386,13,28,5,1
2387,22,3,6,3
2388,1,28,6,8
2389,23,14,6,6
2390,13,1,6,6
2391,1,27,10,2
2392,22,1,6,5
2393,23,14,10,6
2394,4,14,5,6
2395,22,27,7,6
2396,13,28,10,8
2397,1,3,5,6
2398,3,1,5,5
2399,3,14,3,4
2400,1,1,6,6
2401,1,27,10,2
2402,22,27,10,10
2403,13,14,10,4
2404,23,27,6,11
2405,1,28,10,10
2406,22,27,10,10
2407,22,27,8,8
2408,22,28,6,6
2409,28,30,3,3
2410,22,27,10,10
2411,19,24,12,12
2412,19,24,12,12
2413,22,27,10,10
2414,19,24,1,1
2415,19,27,10,10
2416,19,21,1,6
2417,22,27,10,10
2418,22,27,10,10
2419,1,14,10,10
2420,1,1,30,29
2421,23,28,10,11
2422,22,27,6,6
2423,22,27,10,10
2424,1,27,10,9
2425,22,27,6,6
2426,13,28,10,10
2427,13,28,10,10
2428,22,27,10,10
2429,1,14,5,11
2430,19,24,1,1
2431,23,28,7,4
2432,23,27,10,10
2433,23,28,10,8
2434,23,27,6,8
2435,22,27,10,8
2436,23,27,6,9
2437,1,3,3,7
2438,22,27,10,6
2439,1,28,10,8
2440,19,24,1,1
2441,1,28,5,8
2442,22,27,7,7
2443,19,24,1,1
2444,3,14,5,7
2445,19,24,1,1
2446,22,27,10,10
2447,22,27,7,7
2448,22,14,10,11
2449,22,27,10,5
2450,22,27,10,10
2451,1,28,6,10
2452,1,3,10,11
2453,1,1,10,10
2454,1,1,3,10
2455,3,14,4,6
2456,13,14,6,6
2457,22,27,8,8
2458,13,27,5,9
2459,10,14,6,6
2460,13,27,10,10
2461,22,27,8,5
2462,13,14,10,7
2463,3,3,3,3
2464,22,28,10,10
2465,22,14,10,10
2466,22,27,10,11
2467,22,27,10,10
2468,22,27,10,2
2469,23,27,9,8
2470,22,27,10,10
2471,5,1,3,6
2472,22,27,12,12
2473,1,1,10,10
2474,1,1,2,7
2475,3,14,3,6
2476,13,27,10,10
2477,23,27,5,5
2478,13,28,10,10
2479,1,14,5,8
2480,13,14,10,5
2481,3,3,3,3
2482,13,14,6,6
2483,22,28,6,6
2484,1,28,10,7
2485,22,27,10,6
2486,22,27,10,10
2487,13,14,12,13
2488,13,1,10,8
2489,13,28,6,7
2490,1,28,3,9
2491,1,1,5,5
2492,1,1,10,7
2493,1,1,5,5
2494,22,27,9,8
2495,1,14,10,10
2496,22,27,1,1
2497,13,27,10,10
2498,22,1,10,11
2499,1,14,3,8
2500,22,27,10,10
2501,5,4,2,2
2502,22,27,10,2
2503,13,27,6,8
2504,3,1,6,6
2505,23,27,10,6
2506,13,14,10,10
2507,13,14,5,10
2508,23,27,10,8
2509,13,28,10,8
2510,13,28,10,8
2511,13,28,4,6
2512,3,2,14,5
2513,3,3,3,3
2514,13,1,5,10
2515,1,3,5,4
2516,1,1,29,36
2517,1,1,2,6
2518,13,1,10,6
2519,13,29,6,5
2520,23,28,6,6
2521,23,27,6,8
2522,4,3,8,5
2523,1,14,8,8
2524,13,1,6,6
2525,1,14,10,6
2526,3,1,5,8
2527,1,1,10,8
2528,13,14,8,8
2529,3,28,3,7
2530,13,28,5,9
2531,1,1,5,8
2532,22,28,10,7
2533,23,27,4,6
2534,2,14,3,7
2535,23,28,9,8
2536,3,1,2,6
2537,3,4,4,3
2538,13,14,8,8
2539,27,1,3,8
2540,23,14,10,6
2541,1,29,5,8
2542,13,14,5,6
2543,1,1,10,10
2544,13,1,5,4
2545,23,28,7,4
2546,3,1,3,9
2547,13,14,10,6
2548,13,27,8,8
2549,13,14,10,10
2550,1,2,6,4
2551,22,27,10,10
2552,3,3,5,5
2553,23,27,6,6
2554,19,24,1,1
2555,13,28,32,39
2556,13,27,6,9
2557,1,1,3,4
2558,3,3,3,3
2559,23,14,20,36
2560,13,1,6,11
2561,3,14,3,8
2562,13,27,8,8
2563,23,28,3,11
2564,23,1,3,5
2565,22,27,6,6
2566,13,14,10,7
2567,23,1,6,5
2568,13,1,10,9
2569,22,27,10,8
2570,13,1,4,10
2571,13,27,10,8
2572,23,28,10,10
2573,1,1,5,11
2574,22,14,10,10
2575,22,28,5,10
2576,22,27,8,6
2577,22,27,10,10
2578,22,27,10,8
2579,13,27,6,9
2580,22,27,10,10
2581,13,27,5,8
2582,23,28,5,8
2583,23,27,10,6
2584,13,27,10,9
2585,13,10,10,5
2586,22,24,1,1
2587,1,27,6,6
2588,1,14,5,7
2589,22,27,10,11
2590,13,1,6,10
2591,13,14,10,10
2592,13,27,10,10
2593,22,14,10,9
2594,13,14,5,6
2595,13,14,8,8
2596,13,27,6,10
2597,1,27,6,10
2598,13,28,10,10
2599,13,27,6,6
2600,23,28,8,8
2601,22,27,6,10
2602,1,1,5,10
2603,23,14,6,9
2604,23,27,10,9
2605,22,27,8,6
2606,22,27,30,43
2607,22,27,6,6
2608,22,1,10,8
2609,23,28,6,6
2610,22,27,10,10
2611,1,28,6,9
2612,1,1,6,6
2613,1,14,6,6
2614,1,28,5,10
2615,3,14,3,10
2616,1,1,10,10
2617,13,28,6,8
2618,1,14,6,5
2619,23,14,6,6
2620,1,1,6,6
2621,3,2,3,3
2622,1,27,10,10
2623,13,27,19,44
2624,22,27,10,9
2625,1,27,4,10
2626,22,27,10,10
2627,1,1,5,4
2628,1,14,5,5
2629,1,14,8,8
2630,23,28,10,6
2631,1,1,10,8
2632,23,28,1,6
2633,1,1,8,5
2634,13,1,5,5
2635,1,14,8,6
2636,3,1,3,5
2637,22,27,10,10
2638,3,3,3,3
2639,22,28,10,8
2640,13,14,5,8
2641,22,27,10,10
2642,23,28,10,10
2643,3,4,3,3
2644,22,1,6,5
2645,22,14,7,5
2646,1,27,8,8
2647,3,29,4,8
2648,23,28,10,6
2649,22,1,10,11
2650,13,28,10,9
2651,3,1,3,9
2652,3,14,3,11
2653,3,14,5,6
2654,22,27,6,8
2655,3,28,3,2
2656,22,27,10,10
2657,1,3,6,11
2658,1,14,10,10
2659,23,27,6,6
2660,22,27,4,4
2661,13,27,4,10
2662,22,27,10,8
2663,1,14,4,6
2664,1,1,6,6
2665,22,3,10,4
2666,22,27,10,11
2667,23,1,10,10
2668,13,14,5,5
2669,22,28,10,8
2670,22,28,10,10
2671,13,14,6,6
2672,23,28,2,5
2673,13,1,10,9
2674,19,24,13,13
2675,13,27,6,6
2676,22,27,2,2
2677,22,27,10,7
2678,22,27,10,10
2679,23,1,19,25
2680,22,28,28,16
2681,19,24,1,1
2682,23,28,8,9
2683,22,27,7,8
2684,1,14,6,10
2685,1,14,6,10
2686,1,28,20,43
2687,13,28,10,9
2688,13,14,12,12
2689,22,14,10,10
2690,1,28,12,9
2691,13,14,10,8
2692,1,4,10,11
2693,13,14,5,5
2694,23,1,10,5
2695,1,1,5,4
2696,1,2,22,21
2697,13,14,4,2
2698,13,14,29,36
2699,22,1,10,8
2700,22,27,10,10
2701,1,1,5,4
2702,3,1,3,3
2703,23,14,8,4
2704,1,28,2,10
2705,1,1,5,5
2706,13,5,5,2
2707,3,3,3,3
2708,1,3,10,6
2709,3,1,10,7
2710,13,3,10,3
2711,23,27,10,7
2712,22,27,1,7
2713,22,28,8,10
2714,3,3,4,5
2715,1,1,6,6
2716,23,28,10,10
2717,13,28,10,10
2718,1,1,10,5
2719,1,1,4,5
2720,3,1,2,5
2721,1,28,10,9
2722,2,3,3,3
2723,3,3,3,6
2724,13,1,10,4
2725,22,27,8,8
2726,4,5,3,3
2727,13,14,10,10
2728,23,14,6,8
2729,4,1,3,10
2730,23,28,6,9
2731,4,1,6,6
2732,2,10,4,11
2733,13,14,5,5
2734,1,14,5,11
2735,1,10,10,11
2736,22,27,10,10
2737,1,27,10,10
2738,3,1,3,5
2739,23,27,7,7
2740,22,1,10,10
2741,13,28,10,10
2742,19,24,1,1
2743,22,27,5,5
2744,1,1,4,4
2745,13,14,5,8
2746,22,14,10,9
2747,22,28,29,35
2748,3,2,3,7
2749,22,27,10,10
2750,22,27,10,8
2751,1,28,5,8
2752,1,27,4,6
2753,13,27,7,9
2754,23,28,10,8
2755,23,28,10,8
2756,22,27,6,6
2757,22,27,10,10
2758,3,5,3,3
2759,23,14,4,6
2760,2,3,10,7
2761,3,28,4,8
2762,22,27,10,6
2763,22,27,6,6
2764,7,7,12,12
2765,22,27,10,10
2766,1,1,5,5
2767,22,27,8,8
2768,13,1,6,12
2769,23,14,7,11
2770,1,14,10,9
2771,13,28,8,8
2772,22,27,10,10
2773,13,27,4,9
2774,1,1,5,5
2775,10,1,6,11
2776,23,27,10,6
2777,13,27,10,10
2778,3,3,6,6
2779,1,27,5,10
2780,13,14,5,8
2781,23,28,6,8
2782,19,27,10,10
2783,13,27,6,6
2784,22,27,10,8
2785,22,27,6,8
2786,22,27,10,8
2787,23,1,6,5
2788,22,27,8,8
2789,13,14,8,8
2790,22,27,10,8
2791,13,27,6,8
2792,23,14,10,4
2793,22,27,8,8
2794,23,27,10,9
2795,22,27,10,10
2796,22,27,10,4
2797,22,27,10,10
2798,1,28,8,8
2799,13,1,10,4
2800,1,1,6,8
2801,3,14,4,9
2802,3,1,3,5
2803,13,27,5,8
2804,13,14,10,2
2805,13,14,10,10
2806,13,14,10,10
2807,22,14,10,8
2808,10,10,6,8
2809,1,28,10,10
2810,1,14,17,40
2811,23,27,10,10
2812,13,1,2,12
2813,1,1,5,4
2814,1,14,10,10
2815,3,28,3,11
2816,22,28,10,6
2817,13,14,10,7
2818,22,27,10,8
2819,22,24,1,1
2820,13,1,6,6
2821,1,1,4,7
2822,5,3,3,4
2823,1,28,5,10
2824,1,1,5,5
2825,3,14,5,9
2826,13,14,5,5
2827,1,14,5,8
2828,22,27,10,7
2829,3,4,3,3
2830,3,1,10,10
2831,13,28,4,11
2832,1,1,5,8
2833,3,3,3,3
2834,22,27,10,10
2835,13,14,8,8
2836,13,27,8,11
2837,19,24,1,1
2838,22,27,10,9
2839,22,27,10,6
2840,23,14,5,10
2841,22,27,7,7
2842,22,27,10,7
2843,3,1,3,6
2844,22,27,10,10
2845,22,27,10,10
2846,23,28,10,7
2847,19,24,13,13
2848,22,27,10,7
2849,22,27,10,10
2850,3,3,5,3
2851,1,1,5,5
2852,1,27,5,6
2853,1,1,22,29
2854,1,1,6,4
2855,13,14,10,11
2856,1,1,10,10
2857,1,3,4,4
2858,1,1,5,4
2859,2,1,5,5
2860,19,24,1,1
2861,22,27,10,10
2862,3,3,3,3
2863,22,27,10,10
2864,22,27,7,7
2865,1,1,6,6
2866,22,27,10,10
2867,3,14,12,12
2868,22,27,10,10
2869,22,27,10,11
2870,22,27,10,10
2871,3,3,3,3
2872,22,27,10,7
2873,23,27,6,7
2874,22,27,5,10
2875,22,24,12,12
2876,1,27,10,11
2877,3,3,5,5
2878,22,27,10,8
2879,22,27,5,8
2880,23,27,6,8
2881,22,27,10,8
2882,13,14,6,6
2883,22,27,10,10
2884,22,27,10,10
2885,22,27,7,7
2886,22,27,6,8
2887,22,27,10,10
2888,13,27,10,10
2889,22,27,10,8
2890,23,14,10,7
2891,19,24,1,1
2892,3,1,4,10
2893,1,14,5,8
2894,19,24,1,1
2895,23,27,10,10
2896,22,27,10,10
2897,22,27,7,7
2898,3,3,3,3
2899,3,14,4,9
2900,2,1,4,4
2901,22,27,10,9
2902,13,14,5,5
2903,23,28,10,10
2904,1,1,4,4
2905,22,27,10,8
2906,3,1,3,4
2907,22,28,8,6
2908,1,27,5,10
2909,22,27,12,12
2910,1,14,4,10
2911,1,1,4,4
2912,13,14,5,5
2913,19,24,13,13
2914,14,21,1,9
2915,22,27,10,10
2916,22,27,10,10
2917,22,27,10,10
2918,23,28,8,8
2919,22,27,10,10
2920,13,1,10,10
2921,13,14,5,8
2922,13,27,5,6
2923,22,27,5,5
2924,19,24,1,1
2925,13,27,7,7
2926,22,27,10,8
2927,1,3,5,7
2928,13,27,10,8
2929,22,27,10,4
2930,1,1,5,5
2931,22,24,12,12
2932,6,6,1,5
2933,22,27,7,7
2934,13,14,10,10
2935,19,24,1,1
2936,19,24,12,12
2937,17,8,7,7
2938,19,24,1,1
2939,22,27,10,4
2940,22,27,7,6
2941,22,27,10,10
2942,1,3,10,3
2943,25,1,3,5
2944,13,14,10,2
2945,4,3,3,4
2946,22,14,10,6
2947,3,27,3,8
2948,4,1,4,11
2949,1,14,6,6
2950,3,3,5,3
2951,13,28,6,6
2952,1,1,5,9
2953,22,27,10,10
2954,22,27,10,10
2955,22,27,10,10
2956,22,27,10,10
2957,22,27,10,6
2958,22,27,10,10
2959,22,14,4,8
2960,2,2,3,3
2961,1,1,10,2
2962,13,27,10,10
2963,1,1,4,5
2964,1,3,5,10
2965,13,14,10,10
2966,1,3,8,4
2967,3,3,4,4
2968,4,1,3,2
2969,20,27,12,12
2970,13,3,5,3
2971,13,14,5,6
2972,13,1,10,6
2973,1,1,5,5
2974,22,27,10,10
2975,1,14,15,16
2976,3,3,2,2
2977,1,14,10,10
2978,1,3,4,3
2979,5,3,6,8
2980,3,2,2,2
2981,22,14,6,8
2982,13,27,10,10
2983,3,14,6,6
2984,13,14,5,6
2985,1,14,3,10
2986,22,14,10,10
2987,13,1,6,5
2988,19,24,1,1
2989,3,3,4,4
2990,23,14,10,8
2991,13,14,10,10
2992,22,27,4,4
2993,3,3,4,3
2994,22,27,6,7
2995,1,28,10,9
2996,1,1,6,6
2997,13,1,1,6
2998,3,3,3,3
2999,3,14,5,9
3000,13,14,12,12
3001,3,14,3,6
3002,4,1,3,11
3003,3,1,6,4
3004,13,14,10,5
3005,22,28,10,10
3006,13,28,8,8
3007,1,14,5,6
3008,1,28,5,6
3009,25,14,3,10
3010,1,10,4,7
3011,3,2,3,4
3012,2,2,7,7
3013,22,27,10,10
3014,1,1,4,4
3015,1,27,8,8
3016,23,1,6,7
3017,1,14,5,9
3018,3,3,2,6
3019,22,27,10,10
3020,3,3,2,3
3021,13,7,6,4
3022,3,1,3,4
3023,23,14,5,11
3024,23,14,10,10
3025,13,27,10,8
3026,1,1,5,10
3027,3,14,3,4
3028,26,1,5,4
3029,22,27,10,7
3030,22,27,10,10
3031,22,27,10,10
3032,23,3,6,3
3033,13,1,6,6
3034,25,28,3,10
3035,3,4,3,3
3036,10,1,5,5
3037,3,3,3,3
3038,1,1,10,11
3039,23,14,10,10
3040,23,28,10,10
3041,1,14,10,10
3042,13,1,10,5
3043,1,27,8,8
3044,3,3,4,4
3045,1,27,10,8
3046,1,1,4,10
3047,1,1,10,8
3048,22,27,1,12
3049,1,14,4,4
3050,23,27,6,8
3051,22,27,10,7
3052,3,28,3,6
3053,22,27,10,10
3054,23,14,1,12
3055,23,28,10,7
3056,13,28,10,7
3057,13,14,10,7
3058,19,24,1,1
3059,23,14,9,8
3060,13,27,10,10
3061,13,14,6,7
3062,10,27,10,10
3063,13,1,5,5
3064,13,14,26,35
3065,23,1,8,8
3066,13,14,10,8
3067,1,1,5,11
3068,2,3,6,3
3069,22,27,10,9
3070,22,27,11,10
3071,1,14,6,6
3072,1,1,5,5
3073,1,14,5,6
3074,13,27,10,5
3075,22,27,10,10
3076,4,2,15,17
3077,1,1,5,5
3078,1,1,10,3
3079,1,27,5,10
3080,10,28,5,9
3081,13,28,6,6
3082,13,27,4,6
3083,23,28,8,6
3084,3,14,3,10
3085,22,14,10,4
3086,13,1,10,10
3087,22,27,10,10
3088,13,10,5,5
3089,22,28,10,10
3090,22,27,10,8
3091,22,27,10,10
3092,23,28,10,8
3093,23,14,7,11
3094,17,28,12,4
3095,13,14,8,8
3096,13,28,10,10
3097,23,28,10,10
3098,23,14,10,10
3099,22,27,10,10
3100,13,27,5,8
3101,23,14,4,11
3102,1,1,5,6
3103,22,27,10,10
3104,22,27,10,10
3105,13,14,5,8
3106,13,14,2,5
3107,1,28,5,6
3108,1,14,10,11
3109,23,1,5,6
3110,1,28,4,10
3111,1,1,2,5
3112,4,4,5,5
3113,1,1,5,5
3114,3,28,3,10
3115,1,14,10,8
3116,13,28,6,9
3117,22,27,8,10
3118,13,14,10,8
3119,13,14,4,11
3120,23,27,2,2
3121,22,27,7,4
3122,22,28,8,10
3123,13,21,8,8
3124,23,28,10,10
3125,13,27,8,8
3126,19,24,1,1
3127,22,14,10,9
3128,13,14,10,6
3129,1,27,5,10
3130,1,28,5,10
3131,3,1,4,5
3132,23,28,10,9
3133,3,1,3,5
3134,1,1,5,5
3135,2,28,3,11
3136,1,30,5,4
3137,23,27,10,8
3138,2,3,5,8
3139,13,14,5,4
3140,13,28,3,8
3141,13,1,10,11
3142,1,14,5,6
3143,23,28,3,10
3144,22,27,10,10
3145,22,28,10,9
3146,22,27,10,8
3147,3,1,6,6
3148,1,1,4,5
3149,23,14,8,8
3150,22,27,5,11
3151,1,1,10,10
3152,3,1,5,5
3153,2,1,15,26
3154,3,3,3,3
3155,1,1,4,9
3156,22,27,10,10
3157,1,28,5,8
3158,13,14,6,6
3159,1,1,5,5
3160,13,14,10,10
3161,23,14,10,10
3162,1,1,10,10
3163,13,28,10,10
3164,1,28,6,8
3165,13,27,10,10
3166,1,1,3,8
3167,3,1,3,4
3168,13,28,10,9
3169,1,1,5,3
3170,1,27,9,8
3171,1,27,5,9
3172,1,3,10,3
3173,10,28,6,8
3174,23,14,10,7
3175,13,27,6,8
3176,23,1,10,6
3177,13,14,10,6
3178,23,28,10,10
3179,3,14,4,11
3180,13,28,10,8
3181,3,3,4,4
3182,13,3,10,3
3183,19,24,1,1
3184,22,3,10,4
3185,1,28,6,10
3186,13,1,10,8
3187,10,26,12,12
3188,13,14,5,6
3189,13,28,5,5
3190,22,27,4,6
3191,13,14,10,6
3192,13,27,10,10
3193,1,28,5,6
3194,3,2,4,2
3195,23,3,6,4
3196,1,1,3,6
3197,1,3,5,3
3198,1,14,2,7
3199,13,14,4,4
3200,1,1,10,10
3201,13,28,9,9
3202,1,3,5,2
3203,5,3,5,5
3204,3,3,3,4
3205,23,1,5,5
3206,22,27,8,10
3207,5,1,2,6
3208,2,3,4,4
3209,1,28,5,7
3210,23,14,6,6
3211,3,3,7,3
3212,2,2,4,3
3213,3,2,5,6
3214,3,14,3,7
3215,3,3,3,3
3216,3,1,3,3
3217,3,3,3,3
3218,22,27,12,12
3219,22,27,10,10
3220,1,27,10,9
3221,22,27,9,9
3222,22,28,10,10
3223,13,28,10,8
3224,23,3,10,4
3225,13,27,8,10
3226,22,27,10,11
3227,13,28,10,10
3228,13,28,32,44
3229,23,28,10,9
3230,23,28,6,6
3231,23,1,10,5
3232,22,27,10,10
3233,13,28,4,10
3234,22,28,10,10
3235,1,1,5,4
3236,22,27,10,8
3237,1,14,5,10
3238,22,14,10,10
3239,1,1,5,5
3240,3,1,5,10
3241,22,27,10,10
3242,22,27,10,10
3243,22,27,10,10
3244,22,14,8,8
3245,23,28,6,8
3246,1,1,5,9
3247,2,3,3,3
3248,1,28,5,8
3249,22,28,6,6
3250,23,27,6,6
3251,22,27,10,10
3252,23,27,7,8
3253,1,20,5,12
3254,1,3,10,3
3255,3,3,5,3
3256,1,12,5,6
3257,23,28,10,8
3258,22,14,10,5
3259,13,1,10,4
3260,22,27,10,10
3261,2,1,5,11
3262,1,28,4,9
3263,10,5,10,5
3264,22,1,10,10
3265,13,14,8,8
3266,1,28,22,40
3267,3,1,4,2
3268,23,14,10,6
3269,22,28,10,9
3270,19,24,1,1
3271,22,27,10,10
3272,23,28,10,10
3273,22,27,10,10
3274,22,27,10,7
3275,22,27,10,10
3276,22,27,10,10
3277,13,14,10,10
3278,23,28,10,10
3279,3,27,4,4
3280,22,27,10,9
3281,1,1,8,8
3282,20,25,12,12
3283,13,14,28,31
3284,23,26,10,10
3285,22,27,10,7
3286,22,27,6,6
3287,23,14,10,10
3288,23,14,1,2
3289,1,27,5,7
3290,22,27,10,8
3291,1,1,6,6
3292,22,27,10,8
3293,22,27,1,1
3294,13,3,10,6
3295,23,14,10,11
3296,13,1,6,11
3297,22,27,8,8
3298,13,14,4,8
3299,1,28,10,8
3300,23,14,8,8
3301,13,14,6,2
3302,13,1,10,8
3303,22,27,10,9
3304,23,27,10,10
3305,1,27,10,8
3306,1,1,4,6
3307,23,27,10,4
3308,13,27,6,4
3309,13,14,2,5
3310,13,14,10,8
3311,13,14,10,8
3312,25,30,4,8
3313,22,14,4,8
3314,1,1,10,11
3315,3,14,2,2
3316,22,14,10,10
3317,13,14,2,2
3318,1,1,5,10
3319,22,27,10,10
3320,1,1,4,2
3321,1,27,6,10
3322,23,27,8,8
3323,13,1,1,5
3324,3,1,4,4
3325,10,3,6,3
3326,1,3,3,3
3327,22,27,10,10
3328,1,3,5,2
3329,22,27,10,10
3330,1,1,5,5
3331,1,14,10,10
3332,10,14,10,10
3333,1,1,10,10
3334,19,24,1,1
3335,23,28,10,10
3336,3,1,3,8
3337,13,14,5,5
3338,19,24,13,13
3339,22,26,12,8
3340,1,1,5,4
3341,19,1,6,11
3342,1,1,5,9
3343,3,14,5,5
3344,22,27,10,7
3345,25,1,6,7
3346,22,28,10,9
3347,22,27,10,9
3348,22,27,10,10
3349,23,27,10,5
3350,2,1,4,11
3351,3,1,3,10
3352,22,27,5,8
3353,1,10,5,4
3354,23,1,6,8
3355,23,27,10,10
3356,23,14,5,2
3357,3,14,4,5
3358,3,3,2,3
3359,1,14,4,4
3360,1,27,10,10
3361,1,1,5,8
3362,13,1,10,10
3363,1,1,10,8
3364,3,27,3,6
3365,19,24,1,1
3366,19,27,6,6
3367,22,27,10,4
3368,13,28,10,4
3369,13,27,10,10
3370,1,1,10,11
3371,22,27,10,10
3372,22,1,6,5
3373,1,14,10,10
3374,22,27,10,8
3375,13,28,10,8
3376,23,28,7,7
3377,13,27,10,10
3378,23,28,4,8
3379,13,27,10,10
3380,13,14,10,4
3381,13,14,10,9
3382,19,24,1,1
3383,22,28,10,9
3384,13,1,6,6
3385,22,27,10,10
3386,13,28,8,8
3387,3,1,5,4
3388,23,28,5,10
3389,1,1,10,6
3390,13,27,6,6
3391,23,28,10,10
3392,13,14,5,10
3393,1,1,10,10
3394,22,28,10,10
3395,23,14,4,8
3396,13,27,5,10
3397,3,14,3,10
3398,22,27,10,8
3399,1,14,5,5
3400,23,14,6,6
3401,23,28,10,10
3402,22,14,8,8
3403,13,28,10,6
3404,13,14,10,8
3405,22,27,10,10
3406,3,3,4,4
3407,13,27,10,10
3408,1,14,10,4
3409,1,1,5,6
3410,13,28,4,6
3411,1,10,5,5
3412,23,27,10,6
3413,23,28,8,6
3414,1,14,5,8
3415,1,14,8,9
3416,3,28,3,10
3417,3,3,3,6
3418,23,14,4,4
3419,23,27,10,10
3420,13,28,5,10
3421,1,1,10,5
3422,22,28,10,7
3423,1,28,6,9
3424,3,1,2,11
3425,7,14,5,2
3426,22,27,10,10
3427,23,28,6,6
3428,13,1,5,4
3429,22,27,10,10
3430,22,27,10,10
3431,13,14,25,32
3432,1,1,5,5
3433,23,28,10,8
3434,13,27,5,10
3435,1,28,9,9
3436,1,1,5,8
3437,1,28,5,8
3438,22,27,10,9
3439,22,27,4,8
3440,22,28,10,9
3441,1,28,5,10
3442,23,14,5,9
3443,22,14,10,8
3444,1,14,10,10
3445,1,14,4,4
3446,13,1,10,6
3447,3,3,3,2
3448,1,14,6,9
3449,13,27,10,7
3450,3,3,3,3
3451,22,27,10,10
3452,13,14,6,7
3453,1,1,5,5
3454,22,28,10,10
3455,22,27,10,10
3456,13,1,7,6
3457,22,27,10,10
3458,22,28,10,8
3459,4,3,2,2
3460,22,27,10,10
3461,23,27,10,8
3462,22,27,10,10
3463,22,27,8,8
3464,1,27,10,10
3465,3,1,5,5
3466,22,27,10,10
3467,23,14,4,11
3468,13,14,4,5
3469,22,27,10,10
3470,22,27,8,8
3471,23,14,8,10
3472,23,14,1,11
3473,22,27,10,10
3474,19,24,1,1
3475,23,14,6,4
3476,23,28,29,38
3477,1,27,5,10
3478,22,27,10,10
3479,23,1,10,4
3480,23,27,10,8
3481,22,27,10,8
3482,22,27,10,10
3483,22,27,10,11
3484,22,27,10,10
3485,22,27,8,8
3486,13,28,10,10
3487,13,1,10,10
3488,1,1,1,1
3489,1,1,5,11
3490,1,1,4,4
3491,22,27,10,10
3492,22,27,10,10
3493,23,28,8,9
3494,22,27,10,10
3495,22,28,6,9
3496,23,14,10,8
3497,22,27,6,9
3498,22,27,8,9
3499,23,28,6,8
3500,1,27,29,44
3501,1,14,10,10
3502,22,27,10,11
3503,22,10,10,10
3504,1,3,10,7
3505,1,1,6,10
3506,22,27,6,8
3507,22,27,6,2
3508,1,1,5,10
3509,13,14,10,8
3510,1,1,10,10
3511,1,1,5,4
3512,1,14,5,8
3513,13,14,2,2
3514,22,27,10,8
3515,9,9,12,5
3516,1,1,5,6
3517,3,10,3,10
3518,23,28,10,10
3519,2,2,19,17
3520,22,27,10,10
3521,3,3,3,2
3522,22,27,8,10
3523,1,1,10,9
3524,3,3,5,5
3525,1,4,5,3
3526,13,28,7,8
3527,1,3,5,3
3528,2,4,5,6
3529,1,14,10,9
3530,10,1,5,11
3531,3,1,3,4
3532,3,1,3,7
3533,1,28,5,8
3534,19,24,1,1
3535,19,24,1,1
3536,1,4,5,11
3537,22,27,10,10
3538,23,14,5,11
3539,13,27,6,6
3540,1,14,4,10
3541,1,3,5,3
3542,23,27,10,10
3543,22,28,10,5
3544,13,28,5,9
3545,22,27,10,10
3546,13,27,5,10
3547,13,28,10,7
3548,19,24,1,1
3549,22,27,10,10
3550,2,14,4,10
3551,23,14,32,44
3552,22,27,10,10
3553,22,27,6,4
3554,13,27,10,10
3555,22,28,4,4
3556,23,28,5,2
3557,22,27,6,8
3558,1,1,10,5
3559,4,14,3,11
3560,2,1,3,5
3561,13,14,5,5
3562,1,27,6,6
3563,19,24,13,13
3564,3,28,3,4
3565,13,3,4,5
3566,1,3,2,3
3567,22,27,7,7
3568,13,14,8,4
3569,1,14,10,10
3570,3,1,3,6
3571,1,14,22,29
3572,1,28,5,6
3573,10,10,10,10
3574,13,14,10,10
3575,1,28,10,10
3576,4,3,4,4
3577,1,1,4,4
3578,13,14,10,10
3579,1,3,6,6
3580,3,27,5,8
3581,13,1,10,9
3582,13,14,31,29
3583,23,27,10,10
3584,22,28,10,10
3585,3,14,5,8
3586,13,27,10,10
3587,1,2,10,3
3588,1,2,10,3
3589,23,27,10,9
3590,1,3,5,3
3591,1,1,6,4
3592,3,1,3,8
3593,16,27,4,4
3594,13,28,9,4
3595,2,3,10,2
3596,13,28,10,11
3597,13,1,2,2
3598,13,28,5,6
3599,22,27,10,4
3600,4,14,3,2
3601,1,4,10,6
3602,2,1,4,4
3603,13,14,10,8
3604,1,14,20,44
3605,13,1,10,10
3606,3,1,3,5
3607,1,1,5,5
3608,13,14,10,5
3609,13,1,6,5
3610,1,27,10,10
3611,23,14,10,6
3612,1,1,5,5
3613,13,27,6,8
3614,1,10,4,4
3615,2,2,3,3
3616,13,1,6,5
3617,13,14,10,9
3618,13,28,10,8
3619,1,1,8,8
3620,13,27,10,10
3621,22,27,10,10
3622,1,14,4,4
3623,13,27,10,10
3624,3,14,3,5
3625,3,14,3,5
3626,13,28,8,6
3627,19,24,1,1
3628,1,14,5,5
3629,3,27,10,10
3630,13,14,10,9
3631,13,1,10,4
3632,23,14,8,8
3633,22,14,29,15
3634,22,27,5,7
3635,3,28,5,7
3636,22,1,10,5
3637,3,14,3,4
3638,23,14,10,10
3639,23,28,6,6
3640,1,14,5,5
3641,13,28,5,5
3642,22,27,7,7
3643,13,1,2,2
3644,1,27,5,10
3645,23,27,9,9
3646,26,1,3,4
3647,3,3,5,3
3648,22,27,9,7
3649,13,28,6,6
3650,22,27,10,9
3651,1,28,4,10
3652,13,3,8,11
3653,23,27,10,10
3654,1,14,10,10
3655,1,14,5,11
3656,1,1,4,6
3657,1,14,5,11
3658,22,3,10,3
3659,13,27,6,9
3660,23,1,6,6
3661,13,1,8,11
3662,3,3,15,20
3663,23,28,10,11
3664,23,27,10,9
3665,10,27,6,10
3666,22,27,10,5
3667,22,17,1,5
3668,19,24,13,13
3669,13,14,10,10
3670,3,3,3,3
3671,1,3,5,5
3672,22,27,10,10
3673,13,27,5,8
3674,13,14,22,27
3675,1,1,4,6
3676,23,14,10,4
3677,22,14,10,8
3678,13,28,6,1
3679,1,14,20,18
3680,13,14,4,4
3681,22,28,10,10
3682,13,14,10,10
3683,22,27,10,10
3684,13,2,6,6
3685,22,27,10,8
3686,1,1,5,11
3687,19,24,1,1
3688,13,28,10,8
3689,13,28,10,11
3690,1,1,2,2
3691,13,1,10,5
3692,13,1,5,6
3693,23,27,8,8
3694,13,27,10,8
3695,1,1,10,10
3696,13,27,10,10
3697,22,27,10,10
3698,1,1,5,11
3699,23,28,6,11
3700,3,1,3,6
3701,23,27,6,6
3702,19,24,13,13
3703,1,1,5,3
3704,22,27,10,10
3705,22,28,5,2
3706,1,14,10,7
3707,23,1,6,6
3708,22,27,6,11
3709,1,1,10,11
3710,1,14,6,4
3711,23,28,23,30
3712,13,28,10,10
3713,1,14,5,8
3714,22,27,2,2
3715,22,1,10,4
3716,22,1,6,4
3717,4,4,3,11
3718,22,27,10,10
3719,1,28,2,8
3720,13,27,6,9
3721,1,3,22,21
3722,22,27,8,8
3723,13,1,10,2
3724,1,1,5,5
3725,1,1,10,10
3726,1,1,4,11
3727,22,27,6,6
3728,23,1,10,8
3729,13,28,10,11
3730,23,28,5,9
3731,1,28,8,8
3732,23,28,10,10
3733,4,3,2,2
3734,22,27,8,8
3735,13,1,10,6
3736,23,27,10,10
3737,13,27,10,10
3738,3,1,3,5
3739,3,1,10,4
3740,22,27,10,8
3741,3,1,4,11
3742,22,14,10,4
3743,13,28,8,10
3744,3,3,5,3
3745,10,1,5,1
3746,3,1,5,4
3747,1,1,5,5
3748,24,3,4,3
3749,1,14,5,6
3750,3,14,2,6
3751,23,28,8,8
3752,3,1,3,11
3753,1,1,10,5
3754,22,27,10,10
3755,13,27,8,12
3756,3,1,4,5
3757,22,27,10,10
3758,1,3,5,4
3759,1,1,5,4
3760,23,27,7,8
3761,22,27,10,10
3762,1,1,5,11
3763,13,28,6,8
3764,1,14,5,10
3765,13,28,4,8
3766,22,28,7,7
3767,23,27,10,8
3768,22,1,10,9
3769,3,3,3,3
3770,1,1,5,5
3771,1,14,5,9
3772,1,1,5,4
3773,1,28,10,8
3774,22,27,10,10
3775,1,14,5,8
3776,22,27,5,10
3777,3,1,3,7
3778,13,2,8,4
3779,1,1,5,5
3780,2,3,4,3
3781,3,3,2,2
3782,1,28,5,8
3783,1,14,6,6
3784,1,14,5,5
3785,22,14,10,4
3786,1,28,5,10
3787,1,1,3,4
3788,23,28,10,9
3789,3,1,5,7
3790,1,34,5,3
3791,13,14,5,8
3792,3,1,4,7
3793,13,1,12,4
3794,13,28,6,8
3795,13,14,8,10
3796,4,28,3,8
3797,1,14,5,5
3798,3,14,2,8
3799,13,28,10,10
3800,1,29,6,4
3801,19,14,1,4
3802,22,27,7,7
3803,23,27,10,10
3804,19,24,1,1
3805,1,14,6,6
3806,22,27,10,10
3807,19,27,6,8
3808,19,24,1,1
3809,19,24,1,1
3810,19,24,1,1
3811,22,27,10,8
3812,22,27,10,9
3813,22,27,10,7
3814,13,14,10,5
3815,11,12,12,12
3816,13,3,4,3
3817,13,14,10,10
3818,23,27,6,10
3819,13,27,7,7
3820,3,14,4,6
3821,4,4,5,3
3822,1,28,6,7
3823,22,27,6,6
3824,23,14,10,10
3825,1,28,5,4
3826,1,28,8,9
3827,22,27,10,5
3828,22,27,10,7
3829,10,1,5,11
3830,23,28,5,10
3831,1,1,5,5
3832,22,27,10,10
3833,22,27,10,10
3834,23,14,9,11
3835,1,14,5,5
3836,2,2,2,5
3837,1,3,10,4
3838,3,28,2,10
3839,23,1,10,9
3840,22,27,10,10
3841,22,27,10,10
3842,13,28,8,8
3843,3,1,3,9
3844,22,27,10,10
3845,6,9,5,6
3846,19,24,13,13
3847,22,28,10,6
3848,1,23,4,4
3849,22,27,7,7
3850,13,28,10,8
3851,22,14,10,10
3852,22,27,5,10
3853,22,27,6,10
3854,22,27,10,10
3855,22,20,1,5
3856,3,10,3,10
3857,22,27,10,10
3858,23,14,10,11
3859,23,14,1,3
3860,22,14,4,11
3861,22,14,10,8
3862,23,28,7,8
3863,13,28,10,10
3864,23,14,10,8
3865,3,14,5,7
3866,1,1,5,6
3867,22,27,8,8
3868,13,14,5,10
3869,1,14,4,11
3870,1,1,5,5
3871,1,27,5,6
3872,23,28,10,10
3873,1,14,5,11
3874,13,14,4,4
3875,1,1,12,2
3876,19,24,1,1
3877,1,1,5,11
3878,1,1,5,4
3879,23,27,6,10
3880,22,27,10,10
3881,13,10,8,4
3882,1,14,6,8
3883,22,28,10,10
3884,22,27,10,10
3885,1,27,10,6
3886,23,28,10,8
3887,13,14,8,9
3888,13,28,10,10
3889,23,28,6,4
3890,1,28,4,9
3891,1,14,20,41
3892,1,1,10,10
3893,1,1,6,8
3894,22,27,12,12
3895,1,1,10,7
3896,23,27,10,8
3897,13,1,6,6
3898,23,1,10,7
3899,22,27,5,8
3900,22,27,10,10
3901,22,28,10,10
3902,22,27,10,7
3903,22,27,7,11
3904,23,27,5,8
3905,23,27,10,6
3906,22,27,10,9
3907,22,27,10,10
3908,3,28,2,6
3909,23,28,10,8
3910,22,27,12,12
3911,13,14,5,5
3912,22,14,10,11
3913,1,14,10,7
3914,15,21,1,6
3915,22,14,10,5
3916,22,27,10,7
3917,23,27,7,7
3918,13,10,10,8
3919,22,27,11,7
3920,1,1,5,4
3921,23,1,10,6
3922,23,14,6,8
3923,13,14,6,6
3924,22,27,6,6
3925,13,14,6,5
3926,1,5,10,11
3927,13,1,5,4
3928,23,27,6,4
3929,13,27,6,6
3930,13,14,10,7
3931,1,1,6,10
3932,3,1,5,10
3933,13,14,8,4
3934,13,14,10,10
3935,23,28,10,10
3936,23,27,6,6
3937,22,27,10,10
3938,13,14,10,10
3939,13,1,6,6
3940,3,1,6,11
3941,22,27,6,6
3942,13,4,10,5
3943,3,3,3,3
3944,1,1,5,9
3945,1,1,5,9
3946,22,27,10,9
3947,3,1,3,7
3948,23,27,4,8
3949,22,14,10,5
3950,1,14,10,11
3951,22,27,10,10
3952,6,19,2,8
3953,1,14,10,5
3954,22,9,12,12
3955,3,2,3,2
3956,1,14,5,11
3957,23,14,10,11
3958,22,28,8,10
3959,13,14,4,11
3960,23,27,5,5
3961,22,27,10,10
3962,22,1,10,5
3963,22,27,5,4
3964,13,28,6,6
3965,13,14,5,6
3966,13,14,6,6
3967,13,14,10,5
3968,1,14,10,10
3969,3,14,3,5
3970,22,27,10,10
3971,22,27,4,4
3972,13,28,6,4
3973,22,27,10,10
3974,1,14,10,8
3975,13,28,8,8
3976,22,27,6,6
3977,13,14,10,8
3978,22,1,10,5
3979,13,14,4,8
3980,13,14,8,10
3981,1,28,5,8
3982,25,4,3,3
3983,1,14,5,4
3984,23,28,10,8
3985,23,28,10,7
3986,22,28,10,9
3987,22,27,10,10
3988,1,1,5,4
3989,13,27,10,10
3990,23,14,10,5
3991,28,1,25,26
3992,13,27,6,6
3993,23,14,24,36
3994,22,27,10,10
3995,3,1,3,5
3996,22,27,10,10
3997,1,1,10,10
3998,13,14,5,7
3999,13,14,5,7
4000,1,28,5,9
4001,19,24,10,10
4002,3,3,4,3
4003,13,14,10,6
4004,22,27,10,10
4005,22,27,10,10
4006,22,27,12,11
4007,22,27,10,10
4008,1,27,5,8
4009,23,27,6,10
4010,23,1,6,10
4011,22,27,10,11
4012,13,28,6,7
4013,22,14,10,10
4014,22,28,4,4
4015,13,28,8,8
4016,22,27,6,6
4017,13,1,10,5
4018,22,27,10,8
4019,23,28,10,9
4020,1,1,6,10
4021,3,1,2,8
4022,3,1,2,8
4023,13,14,6,9
4024,13,3,5,3
4025,3,14,14,29
4026,22,27,10,8
4027,22,27,10,6
4028,13,28,5,10
4029,1,28,5,6
4030,3,14,3,4
4031,23,27,10,8
4032,13,28,10,9
4033,2,14,4,10
4034,3,3,3,3
4035,19,24,1,1
4036,13,14,5,9
4037,1,14,5,11
4038,22,27,10,10
4039,1,14,10,10
4040,3,14,3,4
4041,3,1,3,5
4042,23,1,10,5
4043,13,14,10,10
4044,2,28,4,9
4045,23,28,29,44
4046,13,28,8,9
4047,13,1,10,9
4048,1,1,10,11
4049,23,27,10,8
4050,1,14,5,6
4051,19,1,1,1
4052,23,14,8,8
4053,22,27,10,10
4054,2,3,4,3
4055,22,27,6,6
4056,3,14,3,10
4057,1,1,31,14
4058,13,1,6,6
4059,1,3,10,2
4060,13,14,6,6
4061,5,33,3,3
4062,2,1,3,4
4063,1,14,5,8
4064,1,27,10,8
4065,1,28,10,10
4066,23,14,6,5
4067,13,28,10,10
4068,23,1,10,10
4069,1,1,6,8
4070,2,3,4,4
4071,3,3,4,4
4072,1,28,5,10
4073,1,2,5,7
4074,13,14,6,8
4075,23,27,5,10
4076,13,28,6,8
4077,13,28,10,8
4078,19,1,6,8
4079,23,14,5,9
4080,22,27,10,8
4081,22,27,8,10
4082,22,27,10,7
4083,22,14,6,6
4084,3,14,3,4
4085,1,14,10,10
4086,1,27,4,4
4087,22,27,10,8
4088,23,27,6,8
4089,22,27,4,11
4090,19,24,1,1
4091,19,24,1,1
4092,22,28,10,9
4093,1,1,5,11
4094,22,28,8,8
4095,22,14,5,6
4096,23,27,10,9
4097,22,27,10,10
4098,22,27,10,10
4099,22,27,6,6
4100,23,24,5,1
4101,1,1,5,9
4102,22,27,10,10
4103,22,27,10,10
4104,1,14,5,10
4105,22,28,10,11
4106,23,14,10,10
4107,1,28,6,8
4108,22,14,10,8
4109,22,28,5,6
4110,1,14,5,6
4111,23,14,10,6
4112,13,27,10,10
4113,23,27,8,8
4114,23,27,8,8
4115,2,1,3,8
4116,13,14,4,4
4117,23,27,4,10
4118,1,27,10,10
4119,2,1,5,4
4120,1,28,5,11
4121,13,1,6,4
4122,1,1,5,5
4123,13,14,8,8
4124,22,27,10,10
4125,22,14,10,6
4126,23,14,6,6
4127,23,14,10,6
4128,23,28,6,3
4129,23,28,10,10
4130,22,27,8,10
4131,22,27,10,6
4132,13,1,2,2
4133,3,28,3,10
4134,22,27,8,8
4135,19,28,5,8
4136,23,28,10,8
4137,1,28,6,6
4138,22,27,10,10
4139,22,27,6,1
4140,23,14,8,8
4141,19,24,13,13
4142,3,5,3,3
4143,19,24,1,13
4144,13,28,10,9
4145,23,28,8,9
4146,13,1,2,4
4147,22,28,10,11
4148,22,27,10,10
4149,22,27,10,10
4150,23,27,10,9
4151,19,18,1,7
4152,22,27,6,6
4153,8,14,12,12
4154,13,4,10,3
4155,22,14,7,8
4156,3,14,3,4
4157,22,27,10,10
4158,3,1,3,10
4159,3,27,5,8
4160,13,14,6,10
4161,22,27,8,8
4162,13,27,10,10
4163,13,16,12,12
4164,13,28,10,10
4165,22,28,8,8
4166,13,14,10,10
4167,23,28,6,6
4168,13,28,5,8
4169,19,28,1,6
4170,22,27,1,6
4171,13,27,8,8
4172,23,28,5,8
4173,13,27,6,10
4174,22,27,8,8
4175,22,27,6,7
4176,23,14,10,6
4177,13,1,8,10
4178,22,27,10,10
4179,13,28,8,10
4180,3,14,5,8
4181,23,27,6,8
4182,22,27,10,10
4183,29,30,3,3
4184,23,28,10,11
4185,23,28,1,8
4186,13,27,10,10
4187,22,27,10,8
4188,22,28,4,8
4189,22,1,8,1
4190,23,27,2,2
4191,22,27,10,10
4192,1,29,4,10
4193,22,27,6,7
4194,1,4,5,5
4195,23,28,10,10
4196,22,27,10,8
4197,13,27,6,6
4198,1,1,5,3
4199,1,28,6,9
4200,23,28,6,6
4201,22,27,29,33
4202,22,27,6,7
4203,1,1,8,4
4204,13,28,10,10
4205,19,28,1,8
4206,1,27,5,10
4207,13,14,10,10
4208,23,27,8,9
4209,1,28,5,10
4210,22,27,10,10
4211,13,1,4,8
4212,13,27,6,5
4213,1,1,5,9
4214,13,27,10,10
4215,23,27,6,7
4216,13,27,6,7
4217,1,27,4,4
4218,1,2,10,4
4219,1,14,6,8
4220,22,27,10,10
4221,19,28,1,5
4222,22,27,10,10
4223,13,1,10,10
4224,13,28,6,6
4225,23,14,6,9
4226,23,14,6,1
4227,13,1,6,6
4228,23,1,8,5
4229,22,27,6,5
4230,21,26,13,6
4231,3,3,3,3
4232,23,14,10,6
4233,1,28,5,5
4234,23,28,10,6
4235,23,28,10,6
4236,1,1,10,10
4237,23,14,10,10
4238,13,27,8,8
4239,23,14,5,12
4240,3,2,4,3
4241,1,1,10,5
4242,22,27,10,10
4243,13,28,4,4
4244,4,29,3,3
4245,3,3,3,6
4246,13,27,10,7
4247,23,14,4,4
4248,22,27,5,8
4249,1,1,5,7
4250,22,27,10,10
4251,22,27,6,8
4252,7,16,5,4
4253,13,14,10,10
4254,13,27,10,5
4255,22,27,6,10
4256,2,3,3,3
4257,1,14,5,9
4258,1,14,6,6
4259,13,14,8,8
4260,22,14,10,11
4261,22,27,10,10
4262,22,27,10,10
4263,1,27,4,8
4264,22,1,10,5
4265,22,14,10,10
4266,1,14,10,6
4267,1,1,10,10
4268,1,1,6,6
4269,5,1,5,5
4270,3,1,3,5
4271,22,28,10,8
4272,1,3,2,5
4273,1,14,10,10
4274,3,14,3,10
4275,22,14,10,10
4276,22,1,10,3
4277,1,14,5,8
4278,13,27,12,6
4279,1,1,5,8
4280,13,1,10,10
4281,13,27,10,8
4282,3,1,5,10
4283,22,27,6,10
4284,23,14,8,10
4285,22,14,10,9
4286,3,2,3,3
4287,22,14,10,10
4288,1,1,5,5
4289,1,3,10,3
4290,13,1,8,4
4291,1,10,5,5
4292,1,28,5,6
4293,1,1,5,7
4294,13,14,10,10
4295,23,27,8,8
4296,23,14,10,7
4297,1,28,6,6
4298,23,27,10,7
4299,13,14,10,10
4300,23,28,10,9
4301,1,27,7,7
4302,23,27,10,8
4303,22,27,10,10
4304,1,1,5,6
4305,13,1,8,6
4306,13,3,10,10
4307,13,1,5,5
4308,19,24,1,1
4309,1,1,2,8
4310,1,14,10,10
4311,23,27,10,5
4312,2,1,4,6
4313,13,14,4,10
4314,2,29,3,6
4315,22,27,10,7
4316,1,3,5,2
4317,28,3,15,21
4318,1,14,5,9
4319,1,1,10,8
4320,13,28,10,10
4321,1,1,10,8
4322,13,14,8,9
4323,1,1,4,6
4324,22,27,10,7
4325,13,14,8,10
4326,13,28,4,8
4327,13,27,10,9
4328,22,27,10,10
4329,23,22,5,2
4330,22,1,10,6
4331,1,27,9,10
4332,22,14,6,10
4333,22,1,10,10
4334,13,28,10,9
4335,23,14,10,11
4336,1,1,5,7
4337,22,27,10,8
4338,1,14,5,10
4339,22,27,10,7
4340,3,27,3,7
4341,2,3,3,3
4342,13,27,6,10
4343,19,24,1,1
4344,1,1,6,11
4345,23,27,10,10
4346,1,14,6,11
4347,10,14,6,6
4348,1,1,5,5
4349,3,1,3,10
4350,23,14,10,7
4351,3,1,5,4
4352,1,1,5,9
4353,23,28,10,8
4354,3,1,5,5
4355,22,28,10,10
4356,4,14,3,6
4357,22,27,5,9
4358,13,27,8,9
4359,22,27,10,10
4360,1,14,5,6
4361,13,27,5,9
4362,3,3,3,4
4363,1,28,10,12
4364,19,24,1,1
4365,22,27,10,10
4366,23,28,5,10
4367,3,14,4,10
4368,13,14,2,2
4369,22,27,10,10
4370,2,2,4,4
4371,1,3,6,3
4372,23,14,4,4
4373,10,10,10,10
4374,22,27,8,10
4375,22,27,5,10
4376,22,27,10,10
4377,23,1,10,11
4378,22,27,10,10
4379,22,27,10,10
4380,22,27,8,8
4381,23,27,8,9
4382,1,14,5,9
4383,1,1,10,10
4384,22,27,10,10
4385,22,24,10,8
4386,13,14,31,45
4387,22,28,9,8
4388,22,27,10,10
4389,22,27,10,10
4390,13,14,10,8
4391,23,28,10,10
4392,22,27,10,6
4393,22,1,5,11
4394,23,28,6,8
4395,23,1,10,11
4396,19,24,13,13
4397,13,27,10,11
4398,3,28,4,9
4399,23,28,8,10
4400,22,14,10,10
4401,22,27,7,4
4402,13,27,12,12
4403,1,14,4,10
4404,1,1,5,11
4405,2,1,9,9
4406,22,27,8,8
4407,1,28,6,8
4408,1,14,5,5
4409,22,27,10,10
4410,22,27,5,2
4411,22,14,10,5
4412,22,27,10,4
4413,13,14,8,9
4414,22,1,10,11
4415,3,28,4,6
4416,22,27,7,7
4417,23,28,10,6
4418,1,1,10,10
4419,3,28,4,10
4420,1,1,6,5
4421,1,1,10,10
4422,22,27,10,10
4423,22,27,8,5
4424,23,27,6,10